_excel_row_number,id,clinic_id,feature_code,is_enabled,config,created_at,updated_at
2,8820039d-f0f1-4f6a-9eb7-1df912ea980d,d5ac6269-d8cf-4821-ac8b-a6341e68987b,diagnostic_billing,t,{},2026-01-27 07:15:56.561706+00,2026-01-27 07:15:56.561706+00
3,8ac7f856-6110-4da1-9d33-c5aaa8991204,d5ac6269-d8cf-4821-ac8b-a6341e68987b,external_orders,t,{},2026-01-27 07:15:56.561706+00,2026-01-27 07:15:56.561706+00
4,5bf0da56-3e90-40a8-9323-b5607b856f8b,d5ac6269-d8cf-4821-ac8b-a6341e68987b,imaging_workflow,t,{},2026-01-27 07:15:56.561706+00,2026-01-27 07:15:56.561706+00
5,f53d7e98-d3b7-456c-b935-155b07857d92,d5ac6269-d8cf-4821-ac8b-a6341e68987b,lab_workflow,t,{},2026-01-27 07:15:56.561706+00,2026-01-27 07:15:56.561706+00
6,ab5853b4-5ccf-4cb6-89e0-a953de2f0978,d5ac6269-d8cf-4821-ac8b-a6341e68987b,lis_integration,f,{},2026-01-27 07:15:56.561706+00,2026-01-27 07:15:56.561706+00
7,e28aa686-cd84-47da-86af-17e0df149a6b,d5ac6269-d8cf-4821-ac8b-a6341e68987b,order_intake,t,{},2026-01-27 07:15:56.561706+00,2026-01-27 07:15:56.561706+00
8,91fba0cb-d36f-4872-9308-ada378b05f20,d5ac6269-d8cf-4821-ac8b-a6341e68987b,pacs_integration,f,{},2026-01-27 07:15:56.561706+00,2026-01-27 07:15:56.561706+00
9,95dbc0c8-3bff-4227-aa7e-0c3956828b37,d5ac6269-d8cf-4821-ac8b-a6341e68987b,patient_registration,t,{},2026-01-27 07:15:56.561706+00,2026-01-27 07:15:56.561706+00
10,1d5bb9f2-cc7c-4f87-88d3-2d073c8fec19,d5ac6269-d8cf-4821-ac8b-a6341e68987b,result_delivery,t,{},2026-01-27 07:15:56.561706+00,2026-01-27 07:15:56.561706+00
11,8f9157c1-e697-473a-9601-da5149c00a2b,d5ac6269-d8cf-4821-ac8b-a6341e68987b,result_upload,t,{},2026-01-27 07:15:56.561706+00,2026-01-27 07:15:56.561706+00
12,fc367a46-8f1d-4684-9789-13f80d1bb1c2,99efa33e-8a21-4b1f-a5ac-92f920e69179,patient_registration,t,{},2026-03-04 04:32:58.863404+00,2026-03-04 04:32:58.863404+00
13,783abfb8-d998-406d-80a6-c98dfc81a65b,99efa33e-8a21-4b1f-a5ac-92f920e69179,visit_management,t,{},2026-03-04 04:32:58.863404+00,2026-03-04 04:32:58.863404+00
14,df1c47be-c33c-4015-b6cf-27e5fac98634,99efa33e-8a21-4b1f-a5ac-92f920e69179,doctor_schedule,t,{},2026-03-04 04:32:58.863404+00,2026-03-04 04:32:58.863404+00
15,d4f1a18b-a084-4fe8-8ac9-5ac9b956db4a,99efa33e-8a21-4b1f-a5ac-92f920e69179,prescription,t,{},2026-03-04 04:32:58.863404+00,2026-03-04 04:32:58.863404+00
16,2da274c5-e353-4d15-afc3-6a6d6f361c09,99efa33e-8a21-4b1f-a5ac-92f920e69179,outpatient_billing,t,{},2026-03-04 04:32:58.863404+00,2026-03-04 04:32:58.863404+00
17,77e7601a-3a3c-4ed5-a078-1696645b8fe5,99efa33e-8a21-4b1f-a5ac-92f920e69179,appointment_booking,t,{},2026-03-04 04:32:58.863404+00,2026-03-04 04:32:58.863404+00
18,588d4f10-fa1b-4334-9962-79d0dd3add37,99efa33e-8a21-4b1f-a5ac-92f920e69179,medical_records,t,{},2026-03-04 04:32:58.863404+00,2026-03-04 04:32:58.863404+00
19,b34d88c1-62b7-4fcc-85bf-04fddd43f370,99efa33e-8a21-4b1f-a5ac-92f920e69179,ai_assistant,t,{},2026-03-04 04:32:58.863404+00,2026-03-04 04:32:58.863404+00
20,17b71638-c5e0-4f77-a5b1-09ec903ff044,99efa33e-8a21-4b1f-a5ac-92f920e69179,admission_management,t,{},2026-03-04 04:32:58.863404+00,2026-03-04 04:32:58.863404+00
21,cbb1c000-b04f-4ca2-ae50-fb399aeabae0,99efa33e-8a21-4b1f-a5ac-92f920e69179,bed_management,t,{},2026-03-04 04:32:58.863404+00,2026-03-04 04:32:58.863404+00
22,8d7952db-e77e-47a0-ae89-20e32a3de8a6,99efa33e-8a21-4b1f-a5ac-92f920e69179,inpatient_orders,t,{},2026-03-04 04:32:58.863404+00,2026-03-04 04:32:58.863404+00
23,6190dd29-3e9a-44f3-b9b9-4f1d72a1ceb2,99efa33e-8a21-4b1f-a5ac-92f920e69179,nursing_notes,t,{},2026-03-04 04:32:58.863404+00,2026-03-04 04:32:58.863404+00
24,f90d6f54-8939-4979-b278-84004a38d7e6,99efa33e-8a21-4b1f-a5ac-92f920e69179,inpatient_billing,t,{},2026-03-04 04:32:58.863404+00,2026-03-04 04:32:58.863404+00
25,a85df0d9-3ef9-4d37-9031-bbfbbef74e93,99efa33e-8a21-4b1f-a5ac-92f920e69179,ward_management,t,{},2026-03-04 04:32:58.863404+00,2026-03-04 04:32:58.863404+00
26,589a6e76-bd22-4ddd-8be9-e0ab219ace04,99efa33e-8a21-4b1f-a5ac-92f920e69179,order_intake,t,{},2026-03-04 04:32:58.863404+00,2026-03-04 04:32:58.863404+00
27,b73a68fa-d045-4ffc-a62e-4f55040f3971,99efa33e-8a21-4b1f-a5ac-92f920e69179,imaging_workflow,t,{},2026-03-04 04:32:58.863404+00,2026-03-04 04:32:58.863404+00
28,f029ccf5-31a5-4861-aa64-b265f37c6d7c,99efa33e-8a21-4b1f-a5ac-92f920e69179,lab_workflow,t,{},2026-03-04 04:32:58.863404+00,2026-03-04 04:32:58.863404+00
29,ed44c70e-6b62-4c83-befa-2dcff95c9031,99efa33e-8a21-4b1f-a5ac-92f920e69179,result_upload,t,{},2026-03-04 04:32:58.863404+00,2026-03-04 04:32:58.863404+00
30,d808c0b6-7313-42eb-934e-827e16f7229c,99efa33e-8a21-4b1f-a5ac-92f920e69179,result_delivery,t,{},2026-03-04 04:32:58.863404+00,2026-03-04 04:32:58.863404+00
31,7779ed6f-b944-4f77-b4a3-0669f329dd83,99efa33e-8a21-4b1f-a5ac-92f920e69179,external_orders,t,{},2026-03-04 04:32:58.863404+00,2026-03-04 04:32:58.863404+00
32,ef6be136-e63e-4af4-b796-f0db01a00982,99efa33e-8a21-4b1f-a5ac-92f920e69179,pacs_integration,f,{},2026-03-04 04:32:58.863404+00,2026-03-04 04:32:58.863404+00
33,db06dad3-8ddb-448f-b76a-fdacfb00500d,99efa33e-8a21-4b1f-a5ac-92f920e69179,lis_integration,f,{},2026-03-04 04:32:58.863404+00,2026-03-04 04:32:58.863404+00
34,1c65025e-f104-4587-9705-62cc4af55f69,99efa33e-8a21-4b1f-a5ac-92f920e69179,diagnostic_billing,t,{},2026-03-04 04:32:58.863404+00,2026-03-04 04:32:58.863404+00
35,31974102-3604-46aa-9348-39186eb4a08e,53b21ef0-6d31-49e7-af24-fb259a4cc25d,admission_management,t,{},2026-03-12 09:20:25.437778+00,2026-03-12 09:20:25.437778+00
36,11921500-eab4-4c44-801f-bd42822af373,53b21ef0-6d31-49e7-af24-fb259a4cc25d,ai_assistant,t,{},2026-03-12 09:20:25.437778+00,2026-03-12 09:20:25.437778+00
37,604a4eb9-83c2-466f-a35b-bb8199933ddd,53b21ef0-6d31-49e7-af24-fb259a4cc25d,appointment_booking,t,{},2026-03-12 09:20:25.437778+00,2026-03-12 09:20:25.437778+00
38,3ff6f275-2766-414c-aa24-f9d2373c171d,53b21ef0-6d31-49e7-af24-fb259a4cc25d,bed_management,t,{},2026-03-12 09:20:25.437778+00,2026-03-12 09:20:25.437778+00
39,5f3f34e0-7e70-4d67-b643-977084afbbf1,53b21ef0-6d31-49e7-af24-fb259a4cc25d,doctor_schedule,t,{},2026-03-12 09:20:25.437778+00,2026-03-12 09:20:25.437778+00
40,c905e9cc-dce7-4e89-8c5d-5291be844665,53b21ef0-6d31-49e7-af24-fb259a4cc25d,inpatient_billing,t,{},2026-03-12 09:20:25.437778+00,2026-03-12 09:20:25.437778+00
41,df5ac74b-b49a-45c5-8f63-282f3e041662,53b21ef0-6d31-49e7-af24-fb259a4cc25d,inpatient_orders,t,{},2026-03-12 09:20:25.437778+00,2026-03-12 09:20:25.437778+00
42,428c26d4-a225-4e6d-9f30-0470687c1582,53b21ef0-6d31-49e7-af24-fb259a4cc25d,medical_records,t,{},2026-03-12 09:20:25.437778+00,2026-03-12 09:20:25.437778+00
43,d2fe67cb-826f-431e-abcb-98bb6250fdb0,53b21ef0-6d31-49e7-af24-fb259a4cc25d,nursing_notes,t,{},2026-03-12 09:20:25.437778+00,2026-03-12 09:20:25.437778+00
44,92b4fb1d-e4a1-4c78-949a-7fb927e479b4,53b21ef0-6d31-49e7-af24-fb259a4cc25d,outpatient_billing,t,{},2026-03-12 09:20:25.437778+00,2026-03-12 09:20:25.437778+00
45,7388aa05-c8d4-4ddf-ba9d-61302ff62f62,53b21ef0-6d31-49e7-af24-fb259a4cc25d,patient_registration,t,{},2026-03-12 09:20:25.437778+00,2026-03-12 09:20:25.437778+00
46,4d7f5b8b-4037-4d1b-9af3-f10fbdf33118,53b21ef0-6d31-49e7-af24-fb259a4cc25d,prescription,t,{},2026-03-12 09:20:25.437778+00,2026-03-12 09:20:25.437778+00
47,8f7fc1da-5c8d-4a4d-b3c0-4f2fae1c1639,53b21ef0-6d31-49e7-af24-fb259a4cc25d,visit_management,t,{},2026-03-12 09:20:25.437778+00,2026-03-12 09:20:25.437778+00
48,e6d1bf5f-1ec9-493a-a9dc-ce535e6e0317,53b21ef0-6d31-49e7-af24-fb259a4cc25d,ward_management,t,{},2026-03-12 09:20:25.437778+00,2026-03-12 09:20:25.437778+00
49,7561ca59-1681-4897-871a-16b1aa0654d7,9c3f8505-e173-4742-a684-baeae1e63e11,patient_registration,t,{},2026-03-12 17:43:55.312269+00,2026-03-12 17:43:55.312269+00
50,2ffdb55c-3780-45ce-8c19-9e176d34559e,9c3f8505-e173-4742-a684-baeae1e63e11,visit_management,t,{},2026-03-12 17:43:55.312269+00,2026-03-12 17:43:55.312269+00
51,f7e61ab5-e69e-4180-a227-52a18ef2622b,9c3f8505-e173-4742-a684-baeae1e63e11,doctor_schedule,t,{},2026-03-12 17:43:55.312269+00,2026-03-12 17:43:55.312269+00
52,be3c2fa3-a9f6-4dd3-84df-65aa8a0f68ec,9c3f8505-e173-4742-a684-baeae1e63e11,prescription,t,{},2026-03-12 17:43:55.312269+00,2026-03-12 17:43:55.312269+00
53,467468f0-cc2b-4d8a-abc4-2f087074536f,9c3f8505-e173-4742-a684-baeae1e63e11,outpatient_billing,t,{},2026-03-12 17:43:55.312269+00,2026-03-12 17:43:55.312269+00
54,60f13114-7dec-471e-88c3-4c5cbc8bdd33,9c3f8505-e173-4742-a684-baeae1e63e11,appointment_booking,t,{},2026-03-12 17:43:55.312269+00,2026-03-12 17:43:55.312269+00
55,21c49240-62cf-4117-8011-e798b7c25a54,9c3f8505-e173-4742-a684-baeae1e63e11,medical_records,t,{},2026-03-12 17:43:55.312269+00,2026-03-12 17:43:55.312269+00
56,7e9a1cce-90ba-4abb-99c6-2a442f362ce1,9c3f8505-e173-4742-a684-baeae1e63e11,ai_assistant,t,{},2026-03-12 17:43:55.312269+00,2026-03-12 17:43:55.312269+00
57,c3919182-dbc0-4365-a4ac-5e8dfeba81a8,9c3f8505-e173-4742-a684-baeae1e63e11,admission_management,t,{},2026-03-12 17:43:55.312269+00,2026-03-12 17:43:55.312269+00
58,f52fa1e9-803d-4f77-9c55-4b2a7f9f00a5,9c3f8505-e173-4742-a684-baeae1e63e11,bed_management,t,{},2026-03-12 17:43:55.312269+00,2026-03-12 17:43:55.312269+00
59,be5e1b95-4377-4cd2-a7ee-1c47d88d7f3a,9c3f8505-e173-4742-a684-baeae1e63e11,inpatient_orders,t,{},2026-03-12 17:43:55.312269+00,2026-03-12 17:43:55.312269+00
60,4a95683c-ccec-4c0c-88df-f072ed938643,9c3f8505-e173-4742-a684-baeae1e63e11,nursing_notes,t,{},2026-03-12 17:43:55.312269+00,2026-03-12 17:43:55.312269+00
61,9bb0b48c-6c31-4709-b6f8-93df24d3c65c,9c3f8505-e173-4742-a684-baeae1e63e11,inpatient_billing,t,{},2026-03-12 17:43:55.312269+00,2026-03-12 17:43:55.312269+00
62,7093f732-1437-4c54-bfdc-9407698ad84b,9c3f8505-e173-4742-a684-baeae1e63e11,ward_management,t,{},2026-03-12 17:43:55.312269+00,2026-03-12 17:43:55.312269+00
63,d87b3972-55ca-4457-ac55-c1ae5b9f3d5a,9c3f8505-e173-4742-a684-baeae1e63e11,order_intake,t,{},2026-03-12 17:43:55.312269+00,2026-03-12 17:43:55.312269+00
64,7c3dc704-ea65-44cc-9d2d-fbe0167f6576,9c3f8505-e173-4742-a684-baeae1e63e11,imaging_workflow,t,{},2026-03-12 17:43:55.312269+00,2026-03-12 17:43:55.312269+00
65,0a705eb5-b421-4773-b672-cb8488a59ad5,9c3f8505-e173-4742-a684-baeae1e63e11,lab_workflow,t,{},2026-03-12 17:43:55.312269+00,2026-03-12 17:43:55.312269+00
66,3720df44-9d1b-4472-9a75-8368664e5577,9c3f8505-e173-4742-a684-baeae1e63e11,result_upload,t,{},2026-03-12 17:43:55.312269+00,2026-03-12 17:43:55.312269+00
67,7100c38d-e29b-436c-b2b4-ddc1e04f3fc5,9c3f8505-e173-4742-a684-baeae1e63e11,result_delivery,t,{},2026-03-12 17:43:55.312269+00,2026-03-12 17:43:55.312269+00
68,f76ac44c-2150-4d17-9837-f6402c35c8e3,9c3f8505-e173-4742-a684-baeae1e63e11,external_orders,t,{},2026-03-12 17:43:55.312269+00,2026-03-12 17:43:55.312269+00
69,103c62bd-f894-46ff-beac-5b82c60028a1,9c3f8505-e173-4742-a684-baeae1e63e11,pacs_integration,f,{},2026-03-12 17:43:55.312269+00,2026-03-12 17:43:55.312269+00
70,5b60123e-d5bc-4c91-ac42-254ba5fadcee,9c3f8505-e173-4742-a684-baeae1e63e11,lis_integration,f,{},2026-03-12 17:43:55.312269+00,2026-03-12 17:43:55.312269+00
71,0cf4f0b3-b783-4f31-a31d-2e36adba3024,9c3f8505-e173-4742-a684-baeae1e63e11,diagnostic_billing,t,{},2026-03-12 17:43:55.312269+00,2026-03-12 17:43:55.312269+00
72,78a4998f-5224-40b0-9040-5fa0ea23d6e7,e9cfc7b2-7aa9-4aa3-a731-3ef672c71d3c,patient_registration,t,{},2026-03-14 04:37:09.018726+00,2026-03-14 04:37:09.018726+00
73,aaf5382c-c1f6-4cf8-8089-2db424bc5cde,e9cfc7b2-7aa9-4aa3-a731-3ef672c71d3c,visit_management,t,{},2026-03-14 04:37:09.018726+00,2026-03-14 04:37:09.018726+00
74,ece9d41d-fd89-4fa0-b4c4-8c828695bcfd,e9cfc7b2-7aa9-4aa3-a731-3ef672c71d3c,doctor_schedule,t,{},2026-03-14 04:37:09.018726+00,2026-03-14 04:37:09.018726+00
75,5e0c9873-9741-4dfb-b0d3-ff067a2e22ff,e9cfc7b2-7aa9-4aa3-a731-3ef672c71d3c,prescription,t,{},2026-03-14 04:37:09.018726+00,2026-03-14 04:37:09.018726+00
76,84726d9c-e902-4ee7-8fee-816d717fd6f1,e9cfc7b2-7aa9-4aa3-a731-3ef672c71d3c,outpatient_billing,t,{},2026-03-14 04:37:09.018726+00,2026-03-14 04:37:09.018726+00
77,380b8c55-c32c-4b16-98ed-85c8993986b2,e9cfc7b2-7aa9-4aa3-a731-3ef672c71d3c,appointment_booking,t,{},2026-03-14 04:37:09.018726+00,2026-03-14 04:37:09.018726+00
78,2f2a6a95-31de-47c6-a76e-dfada20f1ade,e9cfc7b2-7aa9-4aa3-a731-3ef672c71d3c,medical_records,t,{},2026-03-14 04:37:09.018726+00,2026-03-14 04:37:09.018726+00
79,528416d6-40ab-448a-bf6c-307bb1b8605c,e9cfc7b2-7aa9-4aa3-a731-3ef672c71d3c,ai_assistant,t,{},2026-03-14 04:37:09.018726+00,2026-03-14 04:37:09.018726+00
80,48c9782c-d38a-4947-9d4a-6c6e15c39ef5,e9cfc7b2-7aa9-4aa3-a731-3ef672c71d3c,admission_management,t,{},2026-03-14 04:37:09.018726+00,2026-03-14 04:37:09.018726+00
81,ca78f715-7eb7-48ef-8f8a-4660dec4f277,e9cfc7b2-7aa9-4aa3-a731-3ef672c71d3c,bed_management,t,{},2026-03-14 04:37:09.018726+00,2026-03-14 04:37:09.018726+00
82,d640b8dd-4118-44f8-add4-542c8c6d894c,e9cfc7b2-7aa9-4aa3-a731-3ef672c71d3c,inpatient_orders,t,{},2026-03-14 04:37:09.018726+00,2026-03-14 04:37:09.018726+00
83,3f00b9dd-4db0-4dd8-b816-299b788deb91,e9cfc7b2-7aa9-4aa3-a731-3ef672c71d3c,nursing_notes,t,{},2026-03-14 04:37:09.018726+00,2026-03-14 04:37:09.018726+00
84,52d453f9-80b9-4ece-a118-0cd7794a30ab,e9cfc7b2-7aa9-4aa3-a731-3ef672c71d3c,inpatient_billing,t,{},2026-03-14 04:37:09.018726+00,2026-03-14 04:37:09.018726+00
85,f3b7fdc5-3ab8-417b-855e-3ba2dc39a67d,e9cfc7b2-7aa9-4aa3-a731-3ef672c71d3c,ward_management,t,{},2026-03-14 04:37:09.018726+00,2026-03-14 04:37:09.018726+00
86,ef708f05-ab7f-4b42-bf25-c5c68856468a,e9cfc7b2-7aa9-4aa3-a731-3ef672c71d3c,order_intake,t,{},2026-03-14 04:37:09.018726+00,2026-03-14 04:37:09.018726+00
87,08b5dc84-00be-400e-b7df-1470ff6adf14,e9cfc7b2-7aa9-4aa3-a731-3ef672c71d3c,imaging_workflow,t,{},2026-03-14 04:37:09.018726+00,2026-03-14 04:37:09.018726+00
88,ef3dad83-5c42-47f5-b09a-bc899d3aa6ab,e9cfc7b2-7aa9-4aa3-a731-3ef672c71d3c,lab_workflow,t,{},2026-03-14 04:37:09.018726+00,2026-03-14 04:37:09.018726+00
89,1604f03e-bab7-4799-a645-b1a37093418e,e9cfc7b2-7aa9-4aa3-a731-3ef672c71d3c,result_upload,t,{},2026-03-14 04:37:09.018726+00,2026-03-14 04:37:09.018726+00
90,0f876d59-2acd-46d6-a0b8-f173a494ed19,e9cfc7b2-7aa9-4aa3-a731-3ef672c71d3c,result_delivery,t,{},2026-03-14 04:37:09.018726+00,2026-03-14 04:37:09.018726+00
91,f2ad46c8-2da7-42d9-9eda-0e0d4d344010,e9cfc7b2-7aa9-4aa3-a731-3ef672c71d3c,external_orders,t,{},2026-03-14 04:37:09.018726+00,2026-03-14 04:37:09.018726+00
92,5a1c36b0-b229-4e59-8164-0235f282dfd3,e9cfc7b2-7aa9-4aa3-a731-3ef672c71d3c,pacs_integration,f,{},2026-03-14 04:37:09.018726+00,2026-03-14 04:37:09.018726+00
93,ff678df8-4935-44d7-a0eb-32661754d6fb,e9cfc7b2-7aa9-4aa3-a731-3ef672c71d3c,lis_integration,f,{},2026-03-14 04:37:09.018726+00,2026-03-14 04:37:09.018726+00
94,1115a57d-f19a-4305-be76-e8d3985321f2,e9cfc7b2-7aa9-4aa3-a731-3ef672c71d3c,diagnostic_billing,t,{},2026-03-14 04:37:09.018726+00,2026-03-14 04:37:09.018726+00
