_excel_row_number,id,clinic_id,queue_number,status,patient_id,patient_name,patient_phone,patient_dob,patient_gender,patient_id_number,arrival_time,registered_at,registered_by,consulting_doctor_id,consulting_room_id,consultation_started_at,consultation_ended_at,clinical_notes,diagnostic_order_id,order_items,total_amount,payment_status,paid_amount,paid_at,cashier_id,invoice_number,payment_method,sample_collected_at,sample_collector_id,sample_notes,sent_to_lab_at,lab_received_at,lab_completed_at,result_ready_at,result_delivered_at,delivery_method,created_at,updated_at,created_by,updated_by,result_file_url,reading_doctor_id,reading_started_at,reading_completed_at,reading_interpretation,reading_recommendations,follow_up_date,follow_up_notes,prescription_notes,currency_code,lab_technician_id,partner_lab_request_id,imaging_technician_id,pacs_integration,result_verified_by,result_verified_at,soft_copy_sent_at,soft_copy_sent_via
2,548b6b05-019b-428f-a5c5-80399e2f0761,d5ac6269-d8cf-4821-ac8b-a6341e68987b,Q2804-008,consulting,e3482173-8341-49b8-ad4c-b0ae3ec16730,Chea Reaksmey,+855989898989,1998-02-02,female,N0154756778,2026-04-28 09:38:06.002935+00,2026-04-28 09:38:06.002935+00,70d925ed-484a-4ea8-addb-784eb9cdaf5d,7adf8c6b-454c-43d5-973b-f1b6baedbfb8,,2026-04-28 09:38:20.122+00,,,,[],0.00,unpaid,0.00,,,,,,,,,,,,,,2026-04-28 09:38:06.002935+00,2026-04-28 09:38:20.318947+00,70d925ed-484a-4ea8-addb-784eb9cdaf5d,70d925ed-484a-4ea8-addb-784eb9cdaf5d,,,,,,,,,,VND,,,,{},,,,
3,4622cc84-06c0-404c-8288-4ff467e872dd,d5ac6269-d8cf-4821-ac8b-a6341e68987b,Q3004-005,registered,,Kim Heang,+85592384365,2026-04-30,female,011722643,2026-04-30 01:35:30.760979+00,2026-04-30 01:35:30.760979+00,6002a63f-bf2d-4134-84de-a68f6f43621e,,,,,,,[],0.00,unpaid,0.00,,,,,,,,,,,,,,2026-04-30 01:35:30.760979+00,2026-04-30 01:35:30.760979+00,6002a63f-bf2d-4134-84de-a68f6f43621e,6002a63f-bf2d-4134-84de-a68f6f43621e,,,,,,,,,,VND,,,,{},,,,
4,f1b82f13-1196-443e-a078-84727248baff,d5ac6269-d8cf-4821-ac8b-a6341e68987b,Q2304-005,consulting,,Vinh Linh,+855979695957,1999-01-10,female,N05435652,2026-04-23 10:06:39.400371+00,2026-04-23 10:06:39.400371+00,70d925ed-484a-4ea8-addb-784eb9cdaf5d,f726e781-03bf-4eb2-9cf6-8a628f6badf6,,2026-04-23 10:07:08.721+00,,,,[],0.00,unpaid,0.00,,,,,,,,,,,,,,2026-04-23 10:06:39.400371+00,2026-04-23 10:07:09.12282+00,70d925ed-484a-4ea8-addb-784eb9cdaf5d,70d925ed-484a-4ea8-addb-784eb9cdaf5d,,,,,,,,,,VND,,,,{},,,,
5,8d446116-3e0f-4294-a22f-a661a8cc51cc,d5ac6269-d8cf-4821-ac8b-a6341e68987b,Q3004-007,consulting,,Leng Monyneath,+85569217824,2026-11-20,male,0102121,2026-04-30 09:12:13.695947+00,2026-04-30 09:12:13.695947+00,70d925ed-484a-4ea8-addb-784eb9cdaf5d,47b7da61-2af9-44b7-bf87-645c004c5910,3ad8d048-7d5b-4a2e-8959-7193a27765e7,2026-04-30 09:12:36.312+00,,,,[],0.00,unpaid,0.00,,,,,,,,,,,,,,2026-04-30 09:12:13.695947+00,2026-04-30 09:12:36.640061+00,70d925ed-484a-4ea8-addb-784eb9cdaf5d,70d925ed-484a-4ea8-addb-784eb9cdaf5d,,,,,,,,,,VND,,,,{},,,,
6,50064378-86b9-480a-819a-43acb5f387ca,d5ac6269-d8cf-4821-ac8b-a6341e68987b,Q2504-001,consulting,,Nha Aroma,+855975609243,2000-08-09,female,666677778,2026-04-25 02:21:20.491215+00,2026-04-25 02:21:20.491215+00,70d925ed-484a-4ea8-addb-784eb9cdaf5d,47b7da61-2af9-44b7-bf87-645c004c5910,3ad8d048-7d5b-4a2e-8959-7193a27765e7,2026-04-25 02:21:55.219+00,,,,[],0.00,unpaid,0.00,,,,,,,,,,,,,,2026-04-25 02:21:20.491215+00,2026-04-25 02:21:58.204815+00,70d925ed-484a-4ea8-addb-784eb9cdaf5d,70d925ed-484a-4ea8-addb-784eb9cdaf5d,,,,,,,,,,VND,,,,{},,,,
7,10bdc0bf-2a70-4135-aefb-d83222df7d80,d5ac6269-d8cf-4821-ac8b-a6341e68987b,Q2704-001,completed,,Mann Vannda,+85595959595,1997-06-12,male,N011102548,2026-04-27 03:05:24.838178+00,2026-04-27 03:05:24.838178+00,70d925ed-484a-4ea8-addb-784eb9cdaf5d,7adf8c6b-454c-43d5-973b-f1b6baedbfb8,,2026-04-27 03:05:41.318+00,2026-04-27 03:07:17.302+00,Flu problem ,,"[{""id"": ""oi-1777259223774-e63ae79a-8206-45e4-b7ab-5d4a00aff922"", ""quantity"": 1, ""subtotal"": 200000, ""service_id"": ""e63ae79a-8206-45e4-b7ab-5d4a00aff922"", ""unit_price"": 200000, ""service_code"": ""CT004"", ""service_name"": ""CT Chest with contrast"", ""service_type"": ""imaging"", ""currency_code"": ""USD"", ""result_summary"": ""Big chronic on his left hand "", ""result_file_url"": null, ""discount_percent"": 0}]",200000.00,paid,200000.00,2026-04-27 03:08:08.598+00,8ce20e86-3dcf-453f-a903-7b117eff3196,HD-XN20260427-7597,transfer,,,,,,,2026-04-27 03:09:12.526+00,2026-04-27 03:11:02.526+00,print,2026-04-27 03:05:24.838178+00,2026-04-27 03:11:02.702523+00,70d925ed-484a-4ea8-addb-784eb9cdaf5d,6002a63f-bf2d-4134-84de-a68f6f43621e,,,,,,,,,,VND,,,,"{""items"": {""oi-1777259223774-e63ae79a-8206-45e4-b7ab-5d4a00aff922"": {""accession"": ""VLFJ8CVV"", ""last_ack_msa1"": ""CA"", ""last_ris_error"": null, ""placer_line_id"": ""oi1777259223"", ""last_message_id"": 1777259688, ""last_omi_new_at"": ""2026-04-27T03:07:19.680Z"", ""last_ris_http_status"": 200}}, ""last_sent_at"": ""2026-04-27T03:07:21.613Z""}",,,,
8,611553df-0d7a-48a7-bc7e-e4ee2c8bef22,d5ac6269-d8cf-4821-ac8b-a6341e68987b,Q2704-003,result_ready,,Kim Gech,+85511837759,1998-01-03,female,011883252,2026-04-27 04:48:28.466831+00,2026-04-27 04:48:28.466831+00,70d925ed-484a-4ea8-addb-784eb9cdaf5d,05633a99-3aea-48f0-bd47-042ae9db4aac,e890e202-d566-4d55-89a8-79163606a136,2026-04-27 04:50:18.218+00,2026-04-27 04:59:44.569+00,,,"[{""id"": ""oi-1777265981004-bddd9862-e6a9-4620-8708-5eaa5aa17aa4"", ""quantity"": 1, ""subtotal"": 25000, ""service_id"": ""bddd9862-e6a9-4620-8708-5eaa5aa17aa4"", ""unit_price"": 25000, ""service_code"": ""XR001"", ""service_name"": ""Chest X-Ray (PA)"", ""service_type"": ""imaging"", ""currency_code"": ""USD"", ""result_summary"": ""Normal"", ""result_file_url"": null, ""discount_percent"": 0}]",25000.00,paid,25000.00,2026-04-27 05:00:26.796+00,6002a63f-bf2d-4134-84de-a68f6f43621e,HD-XN20260427-0673,cash,,,,,,,2026-04-28 01:27:37.195+00,,,2026-04-27 04:48:28.466831+00,2026-04-28 01:27:37.342054+00,70d925ed-484a-4ea8-addb-784eb9cdaf5d,6002a63f-bf2d-4134-84de-a68f6f43621e,,,,,,,,,,VND,,,,"{""items"": {""oi-1777265981004-bddd9862-e6a9-4620-8708-5eaa5aa17aa4"": {""accession"": ""U3EET9TP"", ""last_ack_msa1"": ""CA"", ""last_ris_error"": null, ""placer_line_id"": ""oi1777265981"", ""last_message_id"": 1777266090, ""last_omi_new_at"": ""2026-04-27T04:59:46.884Z"", ""last_ris_http_status"": 200}}, ""last_sent_at"": ""2026-04-27T04:59:47.790Z""}",,,,
9,1b97f314-4fa0-4cd7-a2a2-22ba48a52fcc,d5ac6269-d8cf-4821-ac8b-a6341e68987b,Q2804-004,completed,,Steven,+85561616161,1998-02-02,male,,2026-04-28 07:23:31.918678+00,2026-04-28 07:23:31.918678+00,70d925ed-484a-4ea8-addb-784eb9cdaf5d,7adf8c6b-454c-43d5-973b-f1b6baedbfb8,,2026-04-28 07:23:45.517+00,2026-04-28 07:39:54.803+00,,,"[{""id"": ""oi-1777361992227-ebac75a9-e3b3-4796-b419-4b73e3a42825"", ""quantity"": 1, ""subtotal"": 15, ""service_id"": ""ebac75a9-e3b3-4796-b419-4b73e3a42825"", ""unit_price"": 15, ""service_code"": ""LAB001"", ""service_name"": ""17-OH-Progesterone"", ""service_type"": ""lab"", ""currency_code"": ""USD"", ""result_summary"": ""Normal "", ""result_file_url"": null, ""discount_percent"": 0}, {""id"": ""oi-1777361992227-ebac75a9-e3b3-4796-b419-4b73e3a42825"", ""quantity"": 1, ""subtotal"": 15, ""service_id"": ""ebac75a9-e3b3-4796-b419-4b73e3a42825"", ""unit_price"": 15, ""service_code"": ""LAB001"", ""service_name"": ""17-OH-Progesterone"", ""service_type"": ""lab"", ""currency_code"": ""USD"", ""result_summary"": ""Normal "", ""result_file_url"": null, ""discount_percent"": 0}, {""id"": ""oi-1777361992883-33e1d944-47bc-4044-9970-a747ab0d11d5"", ""quantity"": 1, ""subtotal"": 3, ""service_id"": ""33e1d944-47bc-4044-9970-a747ab0d11d5"", ""unit_price"": 3, ""service_code"": ""LAB005"", ""service_name"": ""A/G (Albumin/Globulin ratio)"", ""service_type"": ""lab"", ""currency_code"": ""USD"", ""result_summary"": ""Normal "", ""result_file_url"": null, ""discount_percent"": 0}]",33.00,paid,33.00,2026-04-28 07:40:44.827+00,8ce20e86-3dcf-453f-a903-7b117eff3196,HD-XN20260428-8531,transfer,2026-04-28 07:43:04.778+00,6002a63f-bf2d-4134-84de-a68f6f43621e,Done ,2026-04-28 07:43:04.778+00,,,2026-04-28 07:43:47.834+00,2026-04-28 07:44:02.33+00,qr_pdf,2026-04-28 07:23:31.918678+00,2026-04-28 07:44:02.624952+00,70d925ed-484a-4ea8-addb-784eb9cdaf5d,6002a63f-bf2d-4134-84de-a68f6f43621e,,,,,,,,,,VND,,,,{},,,,
10,6a36b471-e823-4f9c-a3fa-b56535ff0199,d5ac6269-d8cf-4821-ac8b-a6341e68987b,Q2304-001,pending_payment,75b7ebc8-a572-42d5-bc70-27a7276f2441,Tuan,+855987654321,1992-11-19,male,0123456789,2026-04-23 07:43:57.720035+00,2026-04-23 07:43:57.720035+00,70d925ed-484a-4ea8-addb-784eb9cdaf5d,7adf8c6b-454c-43d5-973b-f1b6baedbfb8,,2026-04-23 07:43:59.512+00,2026-04-23 07:44:32.03+00,,,"[{""id"": ""oi-1776930258392-ebac75a9-e3b3-4796-b419-4b73e3a42825"", ""quantity"": 1, ""subtotal"": 15, ""service_id"": ""ebac75a9-e3b3-4796-b419-4b73e3a42825"", ""unit_price"": 15, ""service_code"": ""LAB001"", ""service_name"": ""17-OH-Progesterone"", ""service_type"": ""lab"", ""currency_code"": ""USD"", ""discount_percent"": 0}, {""id"": ""oi-1776930259021-33e1d944-47bc-4044-9970-a747ab0d11d5"", ""quantity"": 1, ""subtotal"": 3, ""service_id"": ""33e1d944-47bc-4044-9970-a747ab0d11d5"", ""unit_price"": 3, ""service_code"": ""LAB005"", ""service_name"": ""A/G (Albumin/Globulin ratio)"", ""service_type"": ""lab"", ""currency_code"": ""USD"", ""discount_percent"": 0}, {""id"": ""oi-1776930260997-7592fb5a-34a6-4b1f-a57a-0a2e1422e650"", ""quantity"": 1, ""subtotal"": 30000, ""service_id"": ""7592fb5a-34a6-4b1f-a57a-0a2e1422e650"", ""unit_price"": 30000, ""service_code"": ""XR002"", ""service_name"": ""Abdomen X-Ray"", ""service_type"": ""imaging"", ""currency_code"": ""USD"", ""discount_percent"": 0}, {""id"": ""oi-1776930261384-5ee641f7-3739-4737-9294-bb69068f48b5"", ""quantity"": 1, ""subtotal"": 25000, ""service_id"": ""5ee641f7-3739-4737-9294-bb69068f48b5"", ""unit_price"": 25000, ""service_code"": ""XR003"", ""service_name"": ""Bone X-Ray (Extremities)"", ""service_type"": ""imaging"", ""currency_code"": ""USD"", ""discount_percent"": 0}, {""id"": ""oi-1776930262569-030bb88c-a6cf-4ab5-ad07-679f3009c09a"", ""quantity"": 1, ""subtotal"": 35000, ""service_id"": ""030bb88c-a6cf-4ab5-ad07-679f3009c09a"", ""unit_price"": 35000, ""service_code"": ""US001"", ""service_name"": ""Abdominal Ultrasound"", ""service_type"": ""imaging"", ""currency_code"": ""USD"", ""discount_percent"": 0}, {""id"": ""oi-1776930262822-7124e477-f910-442f-bdab-df9088429d1e"", ""quantity"": 1, ""subtotal"": 35000, ""service_id"": ""7124e477-f910-442f-bdab-df9088429d1e"", ""unit_price"": 35000, ""service_code"": ""US005"", ""service_name"": ""Breast Ultrasound"", ""service_type"": ""imaging"", ""currency_code"": ""USD"", ""discount_percent"": 0}, {""id"": ""oi-1776930264172-fbf4a9f4-ac4e-4e88-8c29-394c27036bfd"", ""quantity"": 1, ""subtotal"": 150000, ""service_id"": ""fbf4a9f4-ac4e-4e88-8c29-394c27036bfd"", ""unit_price"": 150000, ""service_code"": ""ED003"", ""service_name"": ""Bronchoscopy"", ""service_type"": ""imaging"", ""currency_code"": ""USD"", ""discount_percent"": 0}, {""id"": ""oi-1776930264500-bab4d5a9-de36-408b-922a-a1897fb9c877"", ""quantity"": 1, ""subtotal"": 120000, ""service_id"": ""bab4d5a9-de36-408b-922a-a1897fb9c877"", ""unit_price"": 120000, ""service_code"": ""ED002"", ""service_name"": ""Colonoscopy"", ""service_type"": ""imaging"", ""currency_code"": ""USD"", ""discount_percent"": 0}, {""id"": ""oi-1776930265778-b49b8542-53b6-4760-9127-1f76c6663f89"", ""quantity"": 1, ""subtotal"": 210000, ""service_id"": ""b49b8542-53b6-4760-9127-1f76c6663f89"", ""unit_price"": 210000, ""service_code"": ""CT006"", ""service_name"": ""CT Abdomen with contrast"", ""service_type"": ""imaging"", ""currency_code"": ""USD"", ""discount_percent"": 0}, {""id"": ""oi-1776930266097-919aa02d-ec39-403f-8363-1febf149981e"", ""quantity"": 1, ""subtotal"": 140000, ""service_id"": ""919aa02d-ec39-403f-8363-1febf149981e"", ""unit_price"": 140000, ""service_code"": ""CT005"", ""service_name"": ""CT Abdomen without contrast"", ""service_type"": ""imaging"", ""currency_code"": ""USD"", ""discount_percent"": 0}, {""id"": ""oi-1776930268433-2a9b0f28-6070-4fcc-b0bb-85d6b1134d29"", ""quantity"": 1, ""subtotal"": 380000, ""service_id"": ""2a9b0f28-6070-4fcc-b0bb-85d6b1134d29"", ""unit_price"": 380000, ""service_code"": ""MR005"", ""service_name"": ""MRI Abdomen with contrast"", ""service_type"": ""imaging"", ""currency_code"": ""USD"", ""discount_percent"": 0}, {""id"": ""oi-1776930268795-5f0984b5-c109-48ac-8d3e-31e6fddb3dba"", ""quantity"": 1, ""subtotal"": 350000, ""service_id"": ""5f0984b5-c109-48ac-8d3e-31e6fddb3dba"", ""unit_price"": 350000, ""service_code"": ""MR002"", ""service_name"": ""MRI Brain with contrast"", ""service_type"": ""imaging"", ""currency_code"": ""USD"", ""discount_percent"": 0}]",1475018.00,unpaid,0.00,,,,,,,,,,,,,,2026-04-23 07:43:57.720035+00,2026-04-23 07:44:55.912541+00,70d925ed-484a-4ea8-addb-784eb9cdaf5d,6e45520f-af90-4364-b435-dd060488e46a,,,,,,,,,,VND,,,,"{""items"": {""oi-1776930260997-7592fb5a-34a6-4b1f-a57a-0a2e1422e650"": {""accession"": ""GUGPP7LB"", ""last_ack_msa1"": ""CA"", ""last_ris_error"": null, ""placer_line_id"": ""oi1776930260"", ""last_message_id"": 1776931023, ""last_omi_new_at"": ""2026-04-23T07:44:44.385Z"", ""last_ris_http_status"": 200}, ""oi-1776930261384-5ee641f7-3739-4737-9294-bb69068f48b5"": {""accession"": ""8RQ8PF2M"", ""last_ack_msa1"": ""CA"", ""last_ris_error"": null, ""placer_line_id"": ""oi1776930261"", ""last_message_id"": 1776930527, ""last_omi_new_at"": ""2026-04-23T07:44:46.228Z"", ""last_ris_http_status"": 200}, ""oi-1776930262569-030bb88c-a6cf-4ab5-ad07-679f3009c09a"": {""accession"": ""JSB3N84M"", ""last_ack_msa1"": ""CA"", ""last_ris_error"": null, ""placer_line_id"": ""oi1776930262"", ""last_message_id"": 1776931122, ""last_omi_new_at"": ""2026-04-23T07:44:47.412Z"", ""last_ris_http_status"": 200}, ""oi-1776930262822-7124e477-f910-442f-bdab-df9088429d1e"": {""accession"": ""5WNL53YW"", ""last_ack_msa1"": ""CR"", ""last_ris_error"": null, ""placer_line_id"": ""oi1776930262"", ""last_message_id"": 1776931160, ""last_omi_new_at"": ""2026-04-23T07:44:48.577Z"", ""last_ris_http_status"": 200}, ""oi-1776930264172-fbf4a9f4-ac4e-4e88-8c29-394c27036bfd"": {""accession"": ""3K4RZDVV"", ""last_ack_msa1"": ""CA"", ""last_ris_error"": null, ""placer_line_id"": ""oi1776930264"", ""last_message_id"": 1776930828, ""last_omi_new_at"": ""2026-04-23T07:44:49.527Z"", ""last_ris_http_status"": 200}, ""oi-1776930264500-bab4d5a9-de36-408b-922a-a1897fb9c877"": {""accession"": ""UNFEXGXD"", ""last_ack_msa1"": ""CR"", ""last_ris_error"": null, ""placer_line_id"": ""oi1776930264"", ""last_message_id"": 1776930639, ""last_omi_new_at"": ""2026-04-23T07:44:50.457Z"", ""last_ris_http_status"": 200}, ""oi-1776930265778-b49b8542-53b6-4760-9127-1f76c6663f89"": {""accession"": ""4MHQXS3L"", ""last_ack_msa1"": ""CA"", ""last_ris_error"": null, ""placer_line_id"": ""oi1776930265"", ""last_message_id"": 1776930698, ""last_omi_new_at"": ""2026-04-23T07:44:51.569Z"", ""last_ris_http_status"": 200}, ""oi-1776930266097-919aa02d-ec39-403f-8363-1febf149981e"": {""accession"": ""QM2TRBMS"", ""last_ack_msa1"": ""CA"", ""last_ris_error"": null, ""placer_line_id"": ""oi1776930266"", ""last_message_id"": 1776930819, ""last_omi_new_at"": ""2026-04-23T07:44:52.689Z"", ""last_ris_http_status"": 200}, ""oi-1776930268433-2a9b0f28-6070-4fcc-b0bb-85d6b1134d29"": {""accession"": ""PJE5MX5R"", ""last_ack_msa1"": ""CA"", ""last_ris_error"": null, ""placer_line_id"": ""oi1776930268"", ""last_message_id"": 1776930728, ""last_omi_new_at"": ""2026-04-23T07:44:53.771Z"", ""last_ris_http_status"": 200}, ""oi-1776930268795-5f0984b5-c109-48ac-8d3e-31e6fddb3dba"": {""accession"": ""2Y6LBFXC"", ""last_ack_msa1"": ""CR"", ""last_ris_error"": null, ""placer_line_id"": ""oi1776930268"", ""last_message_id"": 1776930757, ""last_omi_new_at"": ""2026-04-23T07:44:54.771Z"", ""last_ris_http_status"": 200}}, ""last_sent_at"": ""2026-04-23T07:44:55.741Z""}",,,,
11,6aca8b6c-081e-4fba-a855-4708dbaf456a,d5ac6269-d8cf-4821-ac8b-a6341e68987b,Q2304-002,reading_result,,TuanAAA,+855123456789,1999-01-01,male,0123456789,2026-04-23 08:13:14.042277+00,2026-04-23 08:13:14.042277+00,70d925ed-484a-4ea8-addb-784eb9cdaf5d,7adf8c6b-454c-43d5-973b-f1b6baedbfb8,,2026-04-23 08:13:33.357+00,2026-04-23 08:15:13.1+00,,,"[{""id"": ""oi-1776932087040-ebac75a9-e3b3-4796-b419-4b73e3a42825"", ""quantity"": 1, ""subtotal"": 15, ""service_id"": ""ebac75a9-e3b3-4796-b419-4b73e3a42825"", ""unit_price"": 15, ""service_code"": ""LAB001"", ""service_name"": ""17-OH-Progesterone"", ""service_type"": ""lab"", ""currency_code"": ""USD"", ""discount_percent"": 0}, {""id"": ""oi-1776932087668-33e1d944-47bc-4044-9970-a747ab0d11d5"", ""quantity"": 1, ""subtotal"": 3, ""service_id"": ""33e1d944-47bc-4044-9970-a747ab0d11d5"", ""unit_price"": 3, ""service_code"": ""LAB005"", ""service_name"": ""A/G (Albumin/Globulin ratio)"", ""service_type"": ""lab"", ""currency_code"": ""USD"", ""discount_percent"": 0}, {""id"": ""oi-1776932094178-7592fb5a-34a6-4b1f-a57a-0a2e1422e650"", ""quantity"": 1, ""subtotal"": 30000, ""service_id"": ""7592fb5a-34a6-4b1f-a57a-0a2e1422e650"", ""unit_price"": 30000, ""service_code"": ""XR002"", ""service_name"": ""Abdomen X-Ray"", ""service_type"": ""imaging"", ""currency_code"": ""USD"", ""discount_percent"": 0}, {""id"": ""oi-1776932094852-5ee641f7-3739-4737-9294-bb69068f48b5"", ""quantity"": 1, ""subtotal"": 25000, ""service_id"": ""5ee641f7-3739-4737-9294-bb69068f48b5"", ""unit_price"": 25000, ""service_code"": ""XR003"", ""service_name"": ""Bone X-Ray (Extremities)"", ""service_type"": ""imaging"", ""currency_code"": ""USD"", ""discount_percent"": 0}, {""id"": ""oi-1776932097658-030bb88c-a6cf-4ab5-ad07-679f3009c09a"", ""quantity"": 1, ""subtotal"": 35000, ""service_id"": ""030bb88c-a6cf-4ab5-ad07-679f3009c09a"", ""unit_price"": 35000, ""service_code"": ""US001"", ""service_name"": ""Abdominal Ultrasound"", ""service_type"": ""imaging"", ""currency_code"": ""USD"", ""discount_percent"": 0}, {""id"": ""oi-1776932098127-7124e477-f910-442f-bdab-df9088429d1e"", ""quantity"": 1, ""subtotal"": 35000, ""service_id"": ""7124e477-f910-442f-bdab-df9088429d1e"", ""unit_price"": 35000, ""service_code"": ""US005"", ""service_name"": ""Breast Ultrasound"", ""service_type"": ""imaging"", ""currency_code"": ""USD"", ""discount_percent"": 0}, {""id"": ""oi-1776932099813-fbf4a9f4-ac4e-4e88-8c29-394c27036bfd"", ""quantity"": 1, ""subtotal"": 150000, ""service_id"": ""fbf4a9f4-ac4e-4e88-8c29-394c27036bfd"", ""unit_price"": 150000, ""service_code"": ""ED003"", ""service_name"": ""Bronchoscopy"", ""service_type"": ""imaging"", ""currency_code"": ""USD"", ""discount_percent"": 0}, {""id"": ""oi-1776932100192-bab4d5a9-de36-408b-922a-a1897fb9c877"", ""quantity"": 1, ""subtotal"": 120000, ""service_id"": ""bab4d5a9-de36-408b-922a-a1897fb9c877"", ""unit_price"": 120000, ""service_code"": ""ED002"", ""service_name"": ""Colonoscopy"", ""service_type"": ""imaging"", ""currency_code"": ""USD"", ""discount_percent"": 0}]",395018.00,paid,395018.00,2026-04-23 08:20:52.245+00,8ce20e86-3dcf-453f-a903-7b117eff3196,HD-XN20260423-3876,cash,2026-04-23 08:28:09.498+00,70d925ed-484a-4ea8-addb-784eb9cdaf5d,,2026-04-23 08:28:09.498+00,2026-04-23 08:28:09.498+00,,2026-04-23 08:52:39.403+00,,,2026-04-23 08:13:14.042277+00,2026-04-23 09:16:10.992352+00,70d925ed-484a-4ea8-addb-784eb9cdaf5d,70d925ed-484a-4ea8-addb-784eb9cdaf5d,,,,,"Ultrasound study is unremarkable.

---

TECHNIQUES: Transabdominal sonography of the whole abdomen",,,,,VND,8955096c-8427-407f-a5e4-10c4e4fff8a5,,,"{""items"": {""oi-1776932094178-7592fb5a-34a6-4b1f-a57a-0a2e1422e650"": {""accession"": ""M558WGNC"", ""last_ack_msa1"": ""CA"", ""last_ris_error"": null, ""placer_line_id"": ""oi1776932094"", ""last_message_id"": 1776932440, ""last_omi_new_at"": ""2026-04-23T08:15:22.323Z"", ""last_ris_http_status"": 200}, ""oi-1776932094852-5ee641f7-3739-4737-9294-bb69068f48b5"": {""accession"": ""M5K88ZJL"", ""last_ack_msa1"": ""CR"", ""last_ris_error"": null, ""placer_line_id"": ""oi1776932094"", ""last_message_id"": 1776932487, ""last_omi_new_at"": ""2026-04-23T08:15:24.030Z"", ""last_ris_http_status"": 200}, ""oi-1776932097658-030bb88c-a6cf-4ab5-ad07-679f3009c09a"": {""accession"": ""4EW2MPG8"", ""last_ack_msa1"": ""CA"", ""last_ris_error"": null, ""placer_line_id"": ""oi1776932097"", ""last_message_id"": 1776932777, ""last_omi_new_at"": ""2026-04-23T08:15:24.705Z"", ""last_ris_http_status"": 200}, ""oi-1776932098127-7124e477-f910-442f-bdab-df9088429d1e"": {""accession"": ""U6DBW75C"", ""interpreters"": [], ""last_ack_msa1"": ""CA"", ""inbound_source"": ""pacs-his-api/Hl7Data"", ""last_ris_error"": null, ""placer_line_id"": ""oi1776932098"", ""result_summary"": ""Ultrasound study is unremarkable.\n\n---\n\nTECHNIQUES: Transabdominal sonography of the whole abdomen"", ""inbound_comment"": """", ""last_inbound_at"": ""2026-04-23T08:52:39.403Z"", ""last_message_id"": 1776932814, ""last_omi_new_at"": ""2026-04-23T08:15:25.472Z"", ""raw_hl7_inbound"": ""MSH|^~\\&|PACS|PACS|HIS|HIS|20260423153246+0700||ORU^R01^ORU_R01|oi1776932098|P|2.7|||AL|NE|VNM|UNICODE UTF-8\rPID|1||^6aca8b6c081e||TUANAAA||1999|M|||||\rPV1|1|\rORC|CM|oi1776932098|||CM||||||||||20260423152800+0700||||||||||||20260423152800+0700||\rOBR|1|oi1776932098||US005^Breast Ultrasound ()||||20260423153246+0700||||||||||oi1776932098||||20260423152800+0700||US|F||1||US_DC80_01^Voluson S|||BOMD0006^SUPPORT||null|null\rOBX|1|TX|^Resulttext||TECHNIQUES: Transabdominal sonography of the whole abdomen\n\nFINDINGS:\n-- Liver: Normal size. Normal echogenicity. No surface nodularity. No masse.Portal vein of normal size, hepatopetal flow.\n-- Bile ducts: Normal intrahepatic ducts. Common bile duct: Not dilated.\n-- Gall bladder: No hydrop. No gallstones. No wall thickening. No sonographic Murphy.\n-- Pancreas: Head and uncinate process: Normal. Body and Tail: Not seen. Main pancreatic duct: not dilated.\n-- Spleen: No splenomegaly.\n-- Right kidney: Normal size. No hydronephrosis.\n-- Left kidney: Normal size. No hydronephrosis.\n-- Bladder: Normal size. No wall thickening\n-- Prostate: Normal size.\n-- Douglas: No fluid.\nVisualized portions of aorta and IVC are normal.||||||F\rOBX|2|TX|^Conclusion||Ultrasound study is unremarkable.|||||||||||||US_DC80_01||F\rOBX|3|TX|^Technique||||||||F|||||||US_DC80_01||F\rOBX|4|TX|^Reportlink||||||||F|||||||US_DC80_01||F\rOBX|5|TX|^Imagelink||||||||F|||||||US_DC80_01||F"", ""result_file_url"": null, ""last_inbound_msh10"": ""oi1776932098"", ""inbound_envelope_id"": null, ""last_ris_http_status"": 200}, ""oi-1776932099813-fbf4a9f4-ac4e-4e88-8c29-394c27036bfd"": {""accession"": ""GTFPJU36"", ""last_ack_msa1"": ""CA"", ""last_ris_error"": null, ""placer_line_id"": ""oi1776932099"", ""last_message_id"": 1776932884, ""last_omi_new_at"": ""2026-04-23T08:15:26.242Z"", ""last_ris_http_status"": 200}, ""oi-1776932100192-bab4d5a9-de36-408b-922a-a1897fb9c877"": {""accession"": ""5UYY4AVJ"", ""last_ack_msa1"": ""CA"", ""last_ris_error"": null, ""placer_line_id"": ""oi1776932100"", ""last_message_id"": 1776932554, ""last_omi_new_at"": ""2026-04-23T08:15:27.134Z"", ""last_ris_http_status"": 200}}, ""interpreters"": [], ""last_sent_at"": ""2026-04-23T08:15:27.815Z"", ""inbound_source"": ""pacs-his-api/Hl7Data"", ""inbound_comment"": """", ""last_inbound_at"": ""2026-04-23T08:52:39.403Z"", ""oru_placer_line"": ""oi1776932098"", ""raw_hl7_inbound"": ""MSH|^~\\&|PACS|PACS|HIS|HIS|20260423153246+0700||ORU^R01^ORU_R01|oi1776932098|P|2.7|||AL|NE|VNM|UNICODE UTF-8\rPID|1||^6aca8b6c081e||TUANAAA||1999|M|||||\rPV1|1|\rORC|CM|oi1776932098|||CM||||||||||20260423152800+0700||||||||||||20260423152800+0700||\rOBR|1|oi1776932098||US005^Breast Ultrasound ()||||20260423153246+0700||||||||||oi1776932098||||20260423152800+0700||US|F||1||US_DC80_01^Voluson S|||BOMD0006^SUPPORT||null|null\rOBX|1|TX|^Resulttext||TECHNIQUES: Transabdominal sonography of the whole abdomen\n\nFINDINGS:\n-- Liver: Normal size. Normal echogenicity. No surface nodularity. No masse.Portal vein of normal size, hepatopetal flow.\n-- Bile ducts: Normal intrahepatic ducts. Common bile duct: Not dilated.\n-- Gall bladder: No hydrop. No gallstones. No wall thickening. No sonographic Murphy.\n-- Pancreas: Head and uncinate process: Normal. Body and Tail: Not seen. Main pancreatic duct: not dilated.\n-- Spleen: No splenomegaly.\n-- Right kidney: Normal size. No hydronephrosis.\n-- Left kidney: Normal size. No hydronephrosis.\n-- Bladder: Normal size. No wall thickening\n-- Prostate: Normal size.\n-- Douglas: No fluid.\nVisualized portions of aorta and IVC are normal.||||||F\rOBX|2|TX|^Conclusion||Ultrasound study is unremarkable.|||||||||||||US_DC80_01||F\rOBX|3|TX|^Technique||||||||F|||||||US_DC80_01||F\rOBX|4|TX|^Reportlink||||||||F|||||||US_DC80_01||F\rOBX|5|TX|^Imagelink||||||||F|||||||US_DC80_01||F"", ""last_inbound_msh10"": ""oi1776932098"", ""inbound_envelope_id"": null}",,,,
12,b71f2ecd-4856-4b66-bd41-9e07f4d54e40,d5ac6269-d8cf-4821-ac8b-a6341e68987b,Q0805-003,consulting,,chheun channy,+855979635569,2000-02-02,male,,2026-05-08 03:33:56.449706+00,2026-05-08 03:33:56.449706+00,70d925ed-484a-4ea8-addb-784eb9cdaf5d,47b7da61-2af9-44b7-bf87-645c004c5910,3ad8d048-7d5b-4a2e-8959-7193a27765e7,2026-05-08 03:34:09.029+00,,,,[],0.00,unpaid,0.00,,,,,,,,,,,,,,2026-05-08 03:33:56.449706+00,2026-05-08 03:34:09.254113+00,70d925ed-484a-4ea8-addb-784eb9cdaf5d,70d925ed-484a-4ea8-addb-784eb9cdaf5d,,,,,,,,,,VND,,,,{},,,,
13,a235d29c-52b1-4df3-8545-f9989fdefa88,d5ac6269-d8cf-4821-ac8b-a6341e68987b,Q2304-004,result_ready,e3482173-8341-49b8-ad4c-b0ae3ec16730,Chea Reaksmey,+855989898989,1998-02-02,female,N0154756778,2026-04-23 09:46:29.67797+00,2026-04-23 09:46:29.67797+00,70d925ed-484a-4ea8-addb-784eb9cdaf5d,7adf8c6b-454c-43d5-973b-f1b6baedbfb8,,2026-04-23 09:47:08.462+00,2026-04-23 09:49:45.225+00,Headache,,"[{""id"": ""oi-1776937767725-e1c12fbf-275b-4d5d-ae08-7a455c7f99bc"", ""quantity"": 1, ""subtotal"": 2, ""service_id"": ""e1c12fbf-275b-4d5d-ae08-7a455c7f99bc"", ""unit_price"": 2, ""service_code"": ""LAB007"", ""service_name"": ""ABO Blood group and Rhesus"", ""service_type"": ""lab"", ""currency_code"": ""USD"", ""result_summary"": ""Normal "", ""result_file_url"": null, ""discount_percent"": 0}, {""id"": ""oi-1776937767725-e1c12fbf-275b-4d5d-ae08-7a455c7f99bc"", ""quantity"": 1, ""subtotal"": 2, ""service_id"": ""e1c12fbf-275b-4d5d-ae08-7a455c7f99bc"", ""unit_price"": 2, ""service_code"": ""LAB007"", ""service_name"": ""ABO Blood group and Rhesus"", ""service_type"": ""lab"", ""currency_code"": ""USD"", ""result_summary"": ""Normal "", ""result_file_url"": null, ""discount_percent"": 0}]",30004.00,paid,30004.00,2026-04-23 09:56:42.745+00,8ce20e86-3dcf-453f-a903-7b117eff3196,HD-XN20260423-5896,cash,,,,,,,2026-04-23 10:00:47.789+00,,,2026-04-23 09:46:29.67797+00,2026-04-23 10:00:48.036083+00,70d925ed-484a-4ea8-addb-784eb9cdaf5d,8ce20e86-3dcf-453f-a903-7b117eff3196,,,,,,,,,,VND,,,,"{""items"": {""oi-1776937775125-7592fb5a-34a6-4b1f-a57a-0a2e1422e650"": {""accession"": ""MEMZBAR9"", ""last_ack_msa1"": ""CA"", ""last_ris_error"": null, ""placer_line_id"": ""oi1776937775"", ""last_message_id"": 1776938434, ""last_omi_new_at"": ""2026-04-23T09:49:48.875Z"", ""last_ris_http_status"": 200}}, ""last_sent_at"": ""2026-04-23T09:49:50.121Z""}",,,,
14,94977607-9b10-4da4-8f76-52a8590bbdbb,d5ac6269-d8cf-4821-ac8b-a6341e68987b,Q2304-006,consulting,,sdfgh,+85597345678,1998-07-12,male,,2026-04-23 10:07:54.494669+00,2026-04-23 10:07:54.494669+00,70d925ed-484a-4ea8-addb-784eb9cdaf5d,05633a99-3aea-48f0-bd47-042ae9db4aac,ee9e6f4b-ba62-4fd3-b00a-b71e49e4eabc,2026-04-23 10:12:02.816+00,,,,[],0.00,unpaid,0.00,,,,,,,,,,,,,,2026-04-23 10:07:54.494669+00,2026-04-23 10:12:03.151883+00,70d925ed-484a-4ea8-addb-784eb9cdaf5d,70d925ed-484a-4ea8-addb-784eb9cdaf5d,,,,,,,,,,VND,,,,{},,,,
15,9ea59ce3-02b8-4a5a-a376-a6dff6a78e95,d5ac6269-d8cf-4821-ac8b-a6341e68987b,Q2404-001,completed,,Keo Veasna,+85597989495,1989-05-03,male,N011121416,2026-04-24 03:41:42.288139+00,2026-04-24 03:41:42.288139+00,70d925ed-484a-4ea8-addb-784eb9cdaf5d,7adf8c6b-454c-43d5-973b-f1b6baedbfb8,,2026-04-24 03:42:09.095+00,2026-04-24 03:44:28.655+00,Diarrhea problem ,,"[{""id"": ""oi-1777002245711-4a5861ba-9074-42c3-b12a-1d13d070455e"", ""quantity"": 1, ""subtotal"": 2, ""service_id"": ""4a5861ba-9074-42c3-b12a-1d13d070455e"", ""unit_price"": 2, ""service_code"": ""LAB014"", ""service_name"": ""Acid Uric"", ""service_type"": ""lab"", ""currency_code"": ""USD"", ""result_summary"": ""Abnormal "", ""result_file_url"": null, ""discount_percent"": 0}, {""id"": ""oi-1777002245711-4a5861ba-9074-42c3-b12a-1d13d070455e"", ""quantity"": 1, ""subtotal"": 2, ""service_id"": ""4a5861ba-9074-42c3-b12a-1d13d070455e"", ""unit_price"": 2, ""service_code"": ""LAB014"", ""service_name"": ""Acid Uric"", ""service_type"": ""lab"", ""currency_code"": ""USD"", ""result_summary"": ""Abnormal "", ""result_file_url"": null, ""discount_percent"": 0}, {""id"": ""oi-1777002246303-33e9c918-8a80-4884-8c95-b127e66add32"", ""quantity"": 1, ""subtotal"": 1.25, ""service_id"": ""33e9c918-8a80-4884-8c95-b127e66add32"", ""unit_price"": 1.25, ""service_code"": ""LAB013"", ""service_name"": ""Acid Uric"", ""service_type"": ""lab"", ""currency_code"": ""USD"", ""result_summary"": ""Abnormal "", ""result_file_url"": null, ""discount_percent"": 0}, {""id"": ""oi-1777002246303-33e9c918-8a80-4884-8c95-b127e66add32"", ""quantity"": 1, ""subtotal"": 1.25, ""service_id"": ""33e9c918-8a80-4884-8c95-b127e66add32"", ""unit_price"": 1.25, ""service_code"": ""LAB013"", ""service_name"": ""Acid Uric"", ""service_type"": ""lab"", ""currency_code"": ""USD"", ""result_summary"": ""Abnormal "", ""result_file_url"": null, ""discount_percent"": 0}, {""id"": ""oi-1777002249735-3442ea3f-aad2-4e78-996e-ceb593c140ff"", ""quantity"": 1, ""subtotal"": 130, ""service_id"": ""3442ea3f-aad2-4e78-996e-ceb593c140ff"", ""unit_price"": 130, ""service_code"": ""LAB016"", ""service_name"": ""Acti Test - Fibro Test"", ""service_type"": ""lab"", ""currency_code"": ""USD"", ""result_summary"": ""Abnormal "", ""result_file_url"": null, ""discount_percent"": 0}, {""id"": ""oi-1777002249735-3442ea3f-aad2-4e78-996e-ceb593c140ff"", ""quantity"": 1, ""subtotal"": 130, ""service_id"": ""3442ea3f-aad2-4e78-996e-ceb593c140ff"", ""unit_price"": 130, ""service_code"": ""LAB016"", ""service_name"": ""Acti Test - Fibro Test"", ""service_type"": ""lab"", ""currency_code"": ""USD"", ""result_summary"": ""Abnormal "", ""result_file_url"": null, ""discount_percent"": 0}]",70266.50,paid,70266.50,2026-04-24 03:45:46.319+00,8ce20e86-3dcf-453f-a903-7b117eff3196,HD-XN20260424-1393,cash,2026-04-24 03:46:53.479+00,6002a63f-bf2d-4134-84de-a68f6f43621e,CBC Done,2026-04-24 03:46:53.479+00,,,2026-04-24 03:47:18.567+00,2026-04-24 03:47:41.735+00,qr_pdf,2026-04-24 03:41:42.288139+00,2026-04-24 03:47:41.951553+00,70d925ed-484a-4ea8-addb-784eb9cdaf5d,6002a63f-bf2d-4134-84de-a68f6f43621e,,,,,,,,,,VND,,,,"{""items"": {""oi-1777002263879-030bb88c-a6cf-4ab5-ad07-679f3009c09a"": {""accession"": ""PFTRPAES"", ""last_ack_msa1"": ""CR"", ""last_ris_error"": null, ""placer_line_id"": ""oi1777002263"", ""last_message_id"": 1777003097, ""last_omi_new_at"": ""2026-04-24T03:44:31.962Z"", ""last_ris_http_status"": 200}}, ""last_sent_at"": ""2026-04-24T03:44:32.620Z""}",,,,
16,ee61036b-5ee6-4784-96b8-93fd59f6f820,d5ac6269-d8cf-4821-ac8b-a6341e68987b,Q2304-003,pending_payment,75b7ebc8-a572-42d5-bc70-27a7276f2441,Tuan,+855987654321,1992-11-19,male,0123456789,2026-04-23 08:19:28.446339+00,2026-04-23 08:19:28.446339+00,70d925ed-484a-4ea8-addb-784eb9cdaf5d,7adf8c6b-454c-43d5-973b-f1b6baedbfb8,,2026-04-23 08:19:31.879+00,2026-04-23 09:18:12.521+00,,,"[{""id"": ""oi-1776935874707-7592fb5a-34a6-4b1f-a57a-0a2e1422e650"", ""quantity"": 1, ""subtotal"": 30000, ""service_id"": ""7592fb5a-34a6-4b1f-a57a-0a2e1422e650"", ""unit_price"": 30000, ""service_code"": ""XR002"", ""service_name"": ""Abdomen X-Ray"", ""service_type"": ""imaging"", ""currency_code"": ""USD"", ""discount_percent"": 0}, {""id"": ""oi-1776935875041-5ee641f7-3739-4737-9294-bb69068f48b5"", ""quantity"": 1, ""subtotal"": 25000, ""service_id"": ""5ee641f7-3739-4737-9294-bb69068f48b5"", ""unit_price"": 25000, ""service_code"": ""XR003"", ""service_name"": ""Bone X-Ray (Extremities)"", ""service_type"": ""imaging"", ""currency_code"": ""USD"", ""discount_percent"": 0}, {""id"": ""oi-1776935875343-bddd9862-e6a9-4620-8708-5eaa5aa17aa4"", ""quantity"": 1, ""subtotal"": 25000, ""service_id"": ""bddd9862-e6a9-4620-8708-5eaa5aa17aa4"", ""unit_price"": 25000, ""service_code"": ""XR001"", ""service_name"": ""Chest X-Ray (PA)"", ""service_type"": ""imaging"", ""currency_code"": ""USD"", ""discount_percent"": 0}, {""id"": ""oi-1776935875634-9f404cc4-5dca-4e73-bbd0-59160ff4fee1"", ""quantity"": 1, ""subtotal"": 40000, ""service_id"": ""9f404cc4-5dca-4e73-bbd0-59160ff4fee1"", ""unit_price"": 40000, ""service_code"": ""XR005"", ""service_name"": ""Panoramic Dental X-Ray"", ""service_type"": ""imaging"", ""currency_code"": ""USD"", ""discount_percent"": 0}, {""id"": ""oi-1776935875884-f98030a9-f42b-44c7-8f25-bd42d3d36a01"", ""quantity"": 1, ""subtotal"": 35000, ""service_id"": ""f98030a9-f42b-44c7-8f25-bd42d3d36a01"", ""unit_price"": 35000, ""service_code"": ""XR004"", ""service_name"": ""Spine X-Ray"", ""service_type"": ""imaging"", ""currency_code"": ""USD"", ""discount_percent"": 0}, {""id"": ""oi-1776935877182-030bb88c-a6cf-4ab5-ad07-679f3009c09a"", ""quantity"": 1, ""subtotal"": 35000, ""service_id"": ""030bb88c-a6cf-4ab5-ad07-679f3009c09a"", ""unit_price"": 35000, ""service_code"": ""US001"", ""service_name"": ""Abdominal Ultrasound"", ""service_type"": ""imaging"", ""currency_code"": ""USD"", ""discount_percent"": 0}, {""id"": ""oi-1776935877525-7124e477-f910-442f-bdab-df9088429d1e"", ""quantity"": 1, ""subtotal"": 35000, ""service_id"": ""7124e477-f910-442f-bdab-df9088429d1e"", ""unit_price"": 35000, ""service_code"": ""US005"", ""service_name"": ""Breast Ultrasound"", ""service_type"": ""imaging"", ""currency_code"": ""USD"", ""discount_percent"": 0}, {""id"": ""oi-1776935877855-a5f622cb-61f2-43c8-9674-6493c6b3ec15"", ""quantity"": 1, ""subtotal"": 50000, ""service_id"": ""a5f622cb-61f2-43c8-9674-6493c6b3ec15"", ""unit_price"": 50000, ""service_code"": ""US006"", ""service_name"": ""Echocardiogram"", ""service_type"": ""imaging"", ""currency_code"": ""USD"", ""discount_percent"": 0}, {""id"": ""oi-1776935878132-6f83a80b-36b4-4314-b4aa-9fcc4476c0e5"", ""quantity"": 1, ""subtotal"": 45000, ""service_id"": ""6f83a80b-36b4-4314-b4aa-9fcc4476c0e5"", ""unit_price"": 45000, ""service_code"": ""US003"", ""service_name"": ""Obstetric Ultrasound (2D/3D/4D)"", ""service_type"": ""imaging"", ""currency_code"": ""USD"", ""discount_percent"": 0}, {""id"": ""oi-1776935878962-b528e91d-12ba-4c19-9d64-80a2743ed66b"", ""quantity"": 1, ""subtotal"": 35000, ""service_id"": ""b528e91d-12ba-4c19-9d64-80a2743ed66b"", ""unit_price"": 35000, ""service_code"": ""US002"", ""service_name"": ""Pelvic Ultrasound"", ""service_type"": ""imaging"", ""currency_code"": ""USD"", ""discount_percent"": 0}, {""id"": ""oi-1776935879248-4ec627d7-3ebc-4fa0-81c1-4e87ce8f9d41"", ""quantity"": 1, ""subtotal"": 30000, ""service_id"": ""4ec627d7-3ebc-4fa0-81c1-4e87ce8f9d41"", ""unit_price"": 30000, ""service_code"": ""US004"", ""service_name"": ""Thyroid Ultrasound"", ""service_type"": ""imaging"", ""currency_code"": ""USD"", ""discount_percent"": 0}, {""id"": ""oi-1776935879598-933ebdd3-bfe7-4993-9a08-7f5ee8708b01"", ""quantity"": 1, ""subtotal"": 55000, ""service_id"": ""933ebdd3-bfe7-4993-9a08-7f5ee8708b01"", ""unit_price"": 55000, ""service_code"": ""US007"", ""service_name"": ""Vascular Doppler Ultrasound"", ""service_type"": ""imaging"", ""currency_code"": ""USD"", ""discount_percent"": 0}, {""id"": ""oi-1776935880481-fbf4a9f4-ac4e-4e88-8c29-394c27036bfd"", ""quantity"": 1, ""subtotal"": 150000, ""service_id"": ""fbf4a9f4-ac4e-4e88-8c29-394c27036bfd"", ""unit_price"": 150000, ""service_code"": ""ED003"", ""service_name"": ""Bronchoscopy"", ""service_type"": ""imaging"", ""currency_code"": ""USD"", ""discount_percent"": 0}, {""id"": ""oi-1776935881081-38e87c33-d035-4f33-b06b-4729eac4f54d"", ""quantity"": 1, ""subtotal"": 60000, ""service_id"": ""38e87c33-d035-4f33-b06b-4729eac4f54d"", ""unit_price"": 60000, ""service_code"": ""ED004"", ""service_name"": ""Nasopharyngoscopy"", ""service_type"": ""imaging"", ""currency_code"": ""USD"", ""discount_percent"": 0}, {""id"": ""oi-1776935881535-bab4d5a9-de36-408b-922a-a1897fb9c877"", ""quantity"": 1, ""subtotal"": 120000, ""service_id"": ""bab4d5a9-de36-408b-922a-a1897fb9c877"", ""unit_price"": 120000, ""service_code"": ""ED002"", ""service_name"": ""Colonoscopy"", ""service_type"": ""imaging"", ""currency_code"": ""USD"", ""discount_percent"": 0}, {""id"": ""oi-1776935884373-f5affa8d-6acb-42a0-9095-bd8c1cc599a4"", ""quantity"": 1, ""subtotal"": 80000, ""service_id"": ""f5affa8d-6acb-42a0-9095-bd8c1cc599a4"", ""unit_price"": 80000, ""service_code"": ""ED001"", ""service_name"": ""Upper GI Endoscopy (EGD)"", ""service_type"": ""imaging"", ""currency_code"": ""USD"", ""discount_percent"": 0}, {""id"": ""oi-1776935885423-b49b8542-53b6-4760-9127-1f76c6663f89"", ""quantity"": 1, ""subtotal"": 210000, ""service_id"": ""b49b8542-53b6-4760-9127-1f76c6663f89"", ""unit_price"": 210000, ""service_code"": ""CT006"", ""service_name"": ""CT Abdomen with contrast"", ""service_type"": ""imaging"", ""currency_code"": ""USD"", ""discount_percent"": 0}, {""id"": ""oi-1776935885729-919aa02d-ec39-403f-8363-1febf149981e"", ""quantity"": 1, ""subtotal"": 140000, ""service_id"": ""919aa02d-ec39-403f-8363-1febf149981e"", ""unit_price"": 140000, ""service_code"": ""CT005"", ""service_name"": ""CT Abdomen without contrast"", ""service_type"": ""imaging"", ""currency_code"": ""USD"", ""discount_percent"": 0}, {""id"": ""oi-1776935886295-1d1a997a-b5b3-4e9d-9a35-9f83d82a7a7a"", ""quantity"": 1, ""subtotal"": 180000, ""service_id"": ""1d1a997a-b5b3-4e9d-9a35-9f83d82a7a7a"", ""unit_price"": 180000, ""service_code"": ""CT002"", ""service_name"": ""CT Brain with contrast"", ""service_type"": ""imaging"", ""currency_code"": ""USD"", ""discount_percent"": 0}, {""id"": ""oi-1776935886670-d8d8d5ad-f397-4443-8afe-c785a1111058"", ""quantity"": 1, ""subtotal"": 120000, ""service_id"": ""d8d8d5ad-f397-4443-8afe-c785a1111058"", ""unit_price"": 120000, ""service_code"": ""CT001"", ""service_name"": ""CT Brain without contrast"", ""service_type"": ""imaging"", ""currency_code"": ""USD"", ""discount_percent"": 0}, {""id"": ""oi-1776935887701-e63ae79a-8206-45e4-b7ab-5d4a00aff922"", ""quantity"": 1, ""subtotal"": 200000, ""service_id"": ""e63ae79a-8206-45e4-b7ab-5d4a00aff922"", ""unit_price"": 200000, ""service_code"": ""CT004"", ""service_name"": ""CT Chest with contrast"", ""service_type"": ""imaging"", ""currency_code"": ""USD"", ""discount_percent"": 0}, {""id"": ""oi-1776935888055-3865e9fb-4bf4-4935-9135-709de1663fc1"", ""quantity"": 1, ""subtotal"": 130000, ""service_id"": ""3865e9fb-4bf4-4935-9135-709de1663fc1"", ""unit_price"": 130000, ""service_code"": ""CT003"", ""service_name"": ""CT Chest without contrast"", ""service_type"": ""imaging"", ""currency_code"": ""USD"", ""discount_percent"": 0}, {""id"": ""oi-1776935888453-44ad9dbb-b43b-448a-bcf7-0e35b5ba2b71"", ""quantity"": 1, ""subtotal"": 150000, ""service_id"": ""44ad9dbb-b43b-448a-bcf7-0e35b5ba2b71"", ""unit_price"": 150000, ""service_code"": ""CT007"", ""service_name"": ""CT Spine (Cervical/Thoracic/Lumbar)"", ""service_type"": ""imaging"", ""currency_code"": ""USD"", ""discount_percent"": 0}, {""id"": ""oi-1776935888743-5a42ec09-f991-4c12-9438-a9a28ea13c3b"", ""quantity"": 1, ""subtotal"": 350000, ""service_id"": ""5a42ec09-f991-4c12-9438-a9a28ea13c3b"", ""unit_price"": 350000, ""service_code"": ""CT008"", ""service_name"": ""CT Whole body"", ""service_type"": ""imaging"", ""currency_code"": ""USD"", ""discount_percent"": 0}, {""id"": ""oi-1776935889605-2a9b0f28-6070-4fcc-b0bb-85d6b1134d29"", ""quantity"": 1, ""subtotal"": 380000, ""service_id"": ""2a9b0f28-6070-4fcc-b0bb-85d6b1134d29"", ""unit_price"": 380000, ""service_code"": ""MR005"", ""service_name"": ""MRI Abdomen with contrast"", ""service_type"": ""imaging"", ""currency_code"": ""USD"", ""discount_percent"": 0}, {""id"": ""oi-1776935889985-5f0984b5-c109-48ac-8d3e-31e6fddb3dba"", ""quantity"": 1, ""subtotal"": 350000, ""service_id"": ""5f0984b5-c109-48ac-8d3e-31e6fddb3dba"", ""unit_price"": 350000, ""service_code"": ""MR002"", ""service_name"": ""MRI Brain with contrast"", ""service_type"": ""imaging"", ""currency_code"": ""USD"", ""discount_percent"": 0}, {""id"": ""oi-1776935890289-5691414e-c692-449f-ae73-95c001aee8bb"", ""quantity"": 1, ""subtotal"": 250000, ""service_id"": ""5691414e-c692-449f-ae73-95c001aee8bb"", ""unit_price"": 250000, ""service_code"": ""MR001"", ""service_name"": ""MRI Brain without contrast"", ""service_type"": ""imaging"", ""currency_code"": ""USD"", ""discount_percent"": 0}, {""id"": ""oi-1776935890668-a6a7a803-f51e-465e-bf88-7fe8dfdeb72c"", ""quantity"": 1, ""subtotal"": 260000, ""service_id"": ""a6a7a803-f51e-465e-bf88-7fe8dfdeb72c"", ""unit_price"": 260000, ""service_code"": ""MR004"", ""service_name"": ""MRI Knee / Shoulder / Hip joint"", ""service_type"": ""imaging"", ""currency_code"": ""USD"", ""discount_percent"": 0}, {""id"": ""oi-1776935891026-48b7723c-23d8-4f67-926c-157d8d7312c1"", ""quantity"": 1, ""subtotal"": 280000, ""service_id"": ""48b7723c-23d8-4f67-926c-157d8d7312c1"", ""unit_price"": 280000, ""service_code"": ""MR003"", ""service_name"": ""MRI Spine (Cervical/Thoracic/Lumbar)"", ""service_type"": ""imaging"", ""currency_code"": ""USD"", ""discount_percent"": 0}, {""id"": ""oi-1776935891362-8ed4d2ae-4780-4408-a4cd-8d6a53ddd7d7"", ""quantity"": 1, ""subtotal"": 500000, ""service_id"": ""8ed4d2ae-4780-4408-a4cd-8d6a53ddd7d7"", ""unit_price"": 500000, ""service_code"": ""MR006"", ""service_name"": ""MRI Whole body screening"", ""service_type"": ""imaging"", ""currency_code"": ""USD"", ""discount_percent"": 0}]",4350000.00,unpaid,0.00,,,,,,,,,,,,,,2026-04-23 08:19:28.446339+00,2026-04-23 09:18:53.850051+00,70d925ed-484a-4ea8-addb-784eb9cdaf5d,6e45520f-af90-4364-b435-dd060488e46a,,,,,,,,,,VND,,,,"{""items"": {""oi-1776935874707-7592fb5a-34a6-4b1f-a57a-0a2e1422e650"": {""accession"": ""RAYMGPC9"", ""last_ack_msa1"": ""CA"", ""last_ris_error"": null, ""placer_line_id"": ""oi1776935874"", ""last_message_id"": 1776936854, ""last_omi_new_at"": ""2026-04-23T09:18:22.897Z"", ""last_ris_http_status"": 200}, ""oi-1776935875041-5ee641f7-3739-4737-9294-bb69068f48b5"": {""accession"": ""2PPFDJSW"", ""last_ack_msa1"": ""CA"", ""last_ris_error"": null, ""placer_line_id"": ""oi1776935875"", ""last_message_id"": 1776935925, ""last_omi_new_at"": ""2026-04-23T09:18:24.743Z"", ""last_ris_http_status"": 200}, ""oi-1776935875343-bddd9862-e6a9-4620-8708-5eaa5aa17aa4"": {""accession"": ""5DRGU68F"", ""last_ack_msa1"": ""CR"", ""last_ris_error"": null, ""placer_line_id"": ""oi1776935875"", ""last_message_id"": 1776936379, ""last_omi_new_at"": ""2026-04-23T09:18:25.814Z"", ""last_ris_http_status"": 200}, ""oi-1776935875634-9f404cc4-5dca-4e73-bbd0-59160ff4fee1"": {""accession"": ""EA4H6PCN"", ""last_ack_msa1"": ""CR"", ""last_ris_error"": null, ""placer_line_id"": ""oi1776935875"", ""last_message_id"": 1776936447, ""last_omi_new_at"": ""2026-04-23T09:18:26.724Z"", ""last_ris_http_status"": 200}, ""oi-1776935875884-f98030a9-f42b-44c7-8f25-bd42d3d36a01"": {""accession"": ""V5ENQZ3G"", ""last_ack_msa1"": ""CR"", ""last_ris_error"": null, ""placer_line_id"": ""oi1776935875"", ""last_message_id"": 1776936526, ""last_omi_new_at"": ""2026-04-23T09:18:27.610Z"", ""last_ris_http_status"": 200}, ""oi-1776935877182-030bb88c-a6cf-4ab5-ad07-679f3009c09a"": {""accession"": ""E4W94UAB"", ""last_ack_msa1"": ""CA"", ""last_ris_error"": null, ""placer_line_id"": ""oi1776935877"", ""last_message_id"": 1776936465, ""last_omi_new_at"": ""2026-04-23T09:18:28.604Z"", ""last_ris_http_status"": 200}, ""oi-1776935877525-7124e477-f910-442f-bdab-df9088429d1e"": {""accession"": ""GRZC5N4Y"", ""last_ack_msa1"": ""CR"", ""last_ris_error"": null, ""placer_line_id"": ""oi1776935877"", ""last_message_id"": 1776936128, ""last_omi_new_at"": ""2026-04-23T09:18:29.573Z"", ""last_ris_http_status"": 200}, ""oi-1776935877855-a5f622cb-61f2-43c8-9674-6493c6b3ec15"": {""accession"": ""9T9J7H6G"", ""last_ack_msa1"": ""CR"", ""last_ris_error"": null, ""placer_line_id"": ""oi1776935877"", ""last_message_id"": 1776936686, ""last_omi_new_at"": ""2026-04-23T09:18:30.518Z"", ""last_ris_http_status"": 200}, ""oi-1776935878132-6f83a80b-36b4-4314-b4aa-9fcc4476c0e5"": {""accession"": ""FMBS3LCQ"", ""last_ack_msa1"": ""CA"", ""last_ris_error"": null, ""placer_line_id"": ""oi1776935878"", ""last_message_id"": 1776936428, ""last_omi_new_at"": ""2026-04-23T09:18:31.440Z"", ""last_ris_http_status"": 200}, ""oi-1776935878962-b528e91d-12ba-4c19-9d64-80a2743ed66b"": {""accession"": ""K2S5L6TZ"", ""last_ack_msa1"": ""CR"", ""last_ris_error"": null, ""placer_line_id"": ""oi1776935878"", ""last_message_id"": 1776935958, ""last_omi_new_at"": ""2026-04-23T09:18:32.415Z"", ""last_ris_http_status"": 200}, ""oi-1776935879248-4ec627d7-3ebc-4fa0-81c1-4e87ce8f9d41"": {""accession"": ""AL6GHKTU"", ""last_ack_msa1"": ""CA"", ""last_ris_error"": null, ""placer_line_id"": ""oi1776935879"", ""last_message_id"": 1776936911, ""last_omi_new_at"": ""2026-04-23T09:18:33.300Z"", ""last_ris_http_status"": 200}, ""oi-1776935879598-933ebdd3-bfe7-4993-9a08-7f5ee8708b01"": {""accession"": ""MAYCVRAT"", ""last_ack_msa1"": ""CR"", ""last_ris_error"": null, ""placer_line_id"": ""oi1776935879"", ""last_message_id"": 1776936729, ""last_omi_new_at"": ""2026-04-23T09:18:34.392Z"", ""last_ris_http_status"": 200}, ""oi-1776935880481-fbf4a9f4-ac4e-4e88-8c29-394c27036bfd"": {""accession"": ""V76S7L4Z"", ""last_ack_msa1"": ""CA"", ""last_ris_error"": null, ""placer_line_id"": ""oi1776935880"", ""last_message_id"": 1776936671, ""last_omi_new_at"": ""2026-04-23T09:18:35.412Z"", ""last_ris_http_status"": 200}, ""oi-1776935881081-38e87c33-d035-4f33-b06b-4729eac4f54d"": {""accession"": ""LL7CF48H"", ""last_ack_msa1"": ""CA"", ""last_ris_error"": null, ""placer_line_id"": ""oi1776935881"", ""last_message_id"": 1776936879, ""last_omi_new_at"": ""2026-04-23T09:18:36.326Z"", ""last_ris_http_status"": 200}, ""oi-1776935881535-bab4d5a9-de36-408b-922a-a1897fb9c877"": {""accession"": ""5ZW8ZLKS"", ""last_ack_msa1"": ""CR"", ""last_ris_error"": null, ""placer_line_id"": ""oi1776935881"", ""last_message_id"": 1776936498, ""last_omi_new_at"": ""2026-04-23T09:18:37.274Z"", ""last_ris_http_status"": 200}, ""oi-1776935884373-f5affa8d-6acb-42a0-9095-bd8c1cc599a4"": {""accession"": ""BX4C4XMB"", ""last_ack_msa1"": ""CA"", ""last_ris_error"": null, ""placer_line_id"": ""oi1776935884"", ""last_message_id"": 1776936516, ""last_omi_new_at"": ""2026-04-23T09:18:38.303Z"", ""last_ris_http_status"": 200}, ""oi-1776935885423-b49b8542-53b6-4760-9127-1f76c6663f89"": {""accession"": ""B6D39YBP"", ""last_ack_msa1"": ""CA"", ""last_ris_error"": null, ""placer_line_id"": ""oi1776935885"", ""last_message_id"": 1776936599, ""last_omi_new_at"": ""2026-04-23T09:18:39.426Z"", ""last_ris_http_status"": 200}, ""oi-1776935885729-919aa02d-ec39-403f-8363-1febf149981e"": {""accession"": ""QDQMZNLQ"", ""last_ack_msa1"": ""CR"", ""last_ris_error"": null, ""placer_line_id"": ""oi1776935885"", ""last_message_id"": 1776936592, ""last_omi_new_at"": ""2026-04-23T09:18:40.476Z"", ""last_ris_http_status"": 200}, ""oi-1776935886295-1d1a997a-b5b3-4e9d-9a35-9f83d82a7a7a"": {""accession"": ""MWKKYFRE"", ""last_ack_msa1"": ""CA"", ""last_ris_error"": null, ""placer_line_id"": ""oi1776935886"", ""last_message_id"": 1776936174, ""last_omi_new_at"": ""2026-04-23T09:18:41.429Z"", ""last_ris_http_status"": 200}, ""oi-1776935886670-d8d8d5ad-f397-4443-8afe-c785a1111058"": {""accession"": ""DFSKT66G"", ""last_ack_msa1"": ""CR"", ""last_ris_error"": null, ""placer_line_id"": ""oi1776935886"", ""last_message_id"": 1776936746, ""last_omi_new_at"": ""2026-04-23T09:18:42.537Z"", ""last_ris_http_status"": 200}, ""oi-1776935887701-e63ae79a-8206-45e4-b7ab-5d4a00aff922"": {""accession"": ""FFHYH9LS"", ""last_ack_msa1"": ""CA"", ""last_ris_error"": null, ""placer_line_id"": ""oi1776935887"", ""last_message_id"": 1776936556, ""last_omi_new_at"": ""2026-04-23T09:18:43.549Z"", ""last_ris_http_status"": 200}, ""oi-1776935888055-3865e9fb-4bf4-4935-9135-709de1663fc1"": {""accession"": ""T9K6EGWQ"", ""last_ack_msa1"": ""CA"", ""last_ris_error"": null, ""placer_line_id"": ""oi1776935888"", ""last_message_id"": 1776936684, ""last_omi_new_at"": ""2026-04-23T09:18:44.462Z"", ""last_ris_http_status"": 200}, ""oi-1776935888453-44ad9dbb-b43b-448a-bcf7-0e35b5ba2b71"": {""accession"": ""X82RRNRC"", ""last_ack_msa1"": ""CR"", ""last_ris_error"": null, ""placer_line_id"": ""oi1776935888"", ""last_message_id"": 1776936346, ""last_omi_new_at"": ""2026-04-23T09:18:45.510Z"", ""last_ris_http_status"": 200}, ""oi-1776935888743-5a42ec09-f991-4c12-9438-a9a28ea13c3b"": {""accession"": ""DSTJSGW4"", ""last_ack_msa1"": ""CR"", ""last_ris_error"": null, ""placer_line_id"": ""oi1776935888"", ""last_message_id"": 1776936001, ""last_omi_new_at"": ""2026-04-23T09:18:46.548Z"", ""last_ris_http_status"": 200}, ""oi-1776935889605-2a9b0f28-6070-4fcc-b0bb-85d6b1134d29"": {""accession"": ""QE8MA3YR"", ""last_ack_msa1"": ""CA"", ""last_ris_error"": null, ""placer_line_id"": ""oi1776935889"", ""last_message_id"": 1776936886, ""last_omi_new_at"": ""2026-04-23T09:18:47.560Z"", ""last_ris_http_status"": 200}, ""oi-1776935889985-5f0984b5-c109-48ac-8d3e-31e6fddb3dba"": {""accession"": ""KZ4EGFBK"", ""last_ack_msa1"": ""CR"", ""last_ris_error"": null, ""placer_line_id"": ""oi1776935889"", ""last_message_id"": 1776936458, ""last_omi_new_at"": ""2026-04-23T09:18:48.565Z"", ""last_ris_http_status"": 200}, ""oi-1776935890289-5691414e-c692-449f-ae73-95c001aee8bb"": {""accession"": ""Q2DHTL79"", ""last_ack_msa1"": ""CA"", ""last_ris_error"": null, ""placer_line_id"": ""oi1776935890"", ""last_message_id"": 1776936612, ""last_omi_new_at"": ""2026-04-23T09:18:49.483Z"", ""last_ris_http_status"": 200}, ""oi-1776935890668-a6a7a803-f51e-465e-bf88-7fe8dfdeb72c"": {""accession"": ""HM7MSM9B"", ""last_ack_msa1"": ""CR"", ""last_ris_error"": null, ""placer_line_id"": ""oi1776935890"", ""last_message_id"": 1776936352, ""last_omi_new_at"": ""2026-04-23T09:18:50.608Z"", ""last_ris_http_status"": 200}, ""oi-1776935891026-48b7723c-23d8-4f67-926c-157d8d7312c1"": {""accession"": ""46S4YZX5"", ""last_ack_msa1"": ""CA"", ""last_ris_error"": null, ""placer_line_id"": ""oi1776935891"", ""last_message_id"": 1776935942, ""last_omi_new_at"": ""2026-04-23T09:18:51.622Z"", ""last_ris_http_status"": 200}, ""oi-1776935891362-8ed4d2ae-4780-4408-a4cd-8d6a53ddd7d7"": {""accession"": ""V687ZVBV"", ""last_ack_msa1"": ""CR"", ""last_ris_error"": null, ""placer_line_id"": ""oi1776935891"", ""last_message_id"": 1776936832, ""last_omi_new_at"": ""2026-04-23T09:18:52.680Z"", ""last_ris_http_status"": 200}}, ""last_sent_at"": ""2026-04-23T09:18:53.686Z""}",,,,
17,64dcd4fd-49aa-414e-8eaa-eaf526e7c312,d5ac6269-d8cf-4821-ac8b-a6341e68987b,Q3004-008,registered,,chea raksmey,+855818181819,,,,2026-04-30 09:22:24.235286+00,2026-04-30 09:22:24.235286+00,70d925ed-484a-4ea8-addb-784eb9cdaf5d,,,,,,,[],0.00,unpaid,0.00,,,,,,,,,,,,,,2026-04-30 09:22:24.235286+00,2026-04-30 09:22:24.235286+00,70d925ed-484a-4ea8-addb-784eb9cdaf5d,70d925ed-484a-4ea8-addb-784eb9cdaf5d,,,,,,,,,,VND,,,,{},,,,
18,87843b91-388a-47cb-a52b-03f7ab61b790,d5ac6269-d8cf-4821-ac8b-a6341e68987b,Q2704-004,registered,,Siv Lik,+85511283375,1995-04-29,female,011994823,2026-04-27 04:49:41.653031+00,2026-04-27 04:49:41.653031+00,70d925ed-484a-4ea8-addb-784eb9cdaf5d,,,,,,,[],0.00,unpaid,0.00,,,,,,,,,,,,,,2026-04-27 04:49:41.653031+00,2026-04-27 04:49:41.653031+00,70d925ed-484a-4ea8-addb-784eb9cdaf5d,70d925ed-484a-4ea8-addb-784eb9cdaf5d,,,,,,,,,,VND,,,,{},,,,
19,3230cc1a-848a-4a2b-b0b1-f89118250acf,d5ac6269-d8cf-4821-ac8b-a6341e68987b,Q2704-002,pending_payment,,Kim Heang,+85512849204,2000-01-01,male,0113353945,2026-04-27 04:47:38.12269+00,2026-04-27 04:47:38.12269+00,70d925ed-484a-4ea8-addb-784eb9cdaf5d,f726e781-03bf-4eb2-9cf6-8a628f6badf6,ee9e6f4b-ba62-4fd3-b00a-b71e49e4eabc,2026-04-27 04:50:02.058+00,2026-04-27 04:57:20.118+00,,,"[{""id"": ""oi-1777265814707-e1c12fbf-275b-4d5d-ae08-7a455c7f99bc"", ""quantity"": 1, ""subtotal"": 2, ""service_id"": ""e1c12fbf-275b-4d5d-ae08-7a455c7f99bc"", ""unit_price"": 2, ""service_code"": ""LAB007"", ""service_name"": ""ABO Blood group and Rhesus"", ""service_type"": ""lab"", ""currency_code"": ""USD"", ""discount_percent"": 0}, {""id"": ""oi-1777265817981-0712bbdf-855f-4444-9f1b-7fd91ed47bb1"", ""quantity"": 1, ""subtotal"": 8.5, ""service_id"": ""0712bbdf-855f-4444-9f1b-7fd91ed47bb1"", ""unit_price"": 8.5, ""service_code"": ""LAB006"", ""service_name"": ""A1c (Hemoglobin A1c)"", ""service_type"": ""lab"", ""currency_code"": ""USD"", ""discount_percent"": 0}, {""id"": ""oi-1777265817981-0712bbdf-855f-4444-9f1b-7fd91ed47bb1"", ""quantity"": 1, ""subtotal"": 8.5, ""service_id"": ""0712bbdf-855f-4444-9f1b-7fd91ed47bb1"", ""unit_price"": 8.5, ""service_code"": ""LAB006"", ""service_name"": ""A1c (Hemoglobin A1c)"", ""service_type"": ""lab"", ""currency_code"": ""USD"", ""discount_percent"": 0}, {""id"": ""oi-1777265828177-5ee641f7-3739-4737-9294-bb69068f48b5"", ""quantity"": 1, ""subtotal"": 25000, ""service_id"": ""5ee641f7-3739-4737-9294-bb69068f48b5"", ""unit_price"": 25000, ""service_code"": ""XR003"", ""service_name"": ""Bone X-Ray (Extremities)"", ""service_type"": ""imaging"", ""currency_code"": ""USD"", ""discount_percent"": 0}, {""id"": ""oi-1777265837800-a6a7a803-f51e-465e-bf88-7fe8dfdeb72c"", ""quantity"": 1, ""subtotal"": 260000, ""service_id"": ""a6a7a803-f51e-465e-bf88-7fe8dfdeb72c"", ""unit_price"": 260000, ""service_code"": ""MR004"", ""service_name"": ""MRI Knee / Shoulder / Hip joint"", ""service_type"": ""imaging"", ""currency_code"": ""USD"", ""discount_percent"": 0}, {""id"": ""oi-1777265837800-a6a7a803-f51e-465e-bf88-7fe8dfdeb72c"", ""quantity"": 1, ""subtotal"": 260000, ""service_id"": ""a6a7a803-f51e-465e-bf88-7fe8dfdeb72c"", ""unit_price"": 260000, ""service_code"": ""MR004"", ""service_name"": ""MRI Knee / Shoulder / Hip joint"", ""service_type"": ""imaging"", ""currency_code"": ""USD"", ""discount_percent"": 0}]",545019.00,unpaid,0.00,,,,,,,,,,,,,,2026-04-27 04:47:38.12269+00,2026-04-27 04:57:26.505484+00,70d925ed-484a-4ea8-addb-784eb9cdaf5d,6002a63f-bf2d-4134-84de-a68f6f43621e,,,,,,,,,,VND,,,,"{""items"": {""oi-1777265828177-5ee641f7-3739-4737-9294-bb69068f48b5"": {""accession"": ""2JTNJ3A6"", ""last_ack_msa1"": ""CA"", ""last_ris_error"": null, ""placer_line_id"": ""oi1777265828"", ""last_message_id"": 1777265984, ""last_omi_new_at"": ""2026-04-27T04:57:24.486Z"", ""last_ris_http_status"": 200}, ""oi-1777265837800-a6a7a803-f51e-465e-bf88-7fe8dfdeb72c"": {""accession"": ""T5FV3P82"", ""last_ack_msa1"": ""CR"", ""last_ris_error"": null, ""placer_line_id"": ""oi1777265837"", ""last_message_id"": 1777266364, ""last_omi_new_at"": ""2026-04-27T04:57:25.964Z"", ""last_ris_http_status"": 200}}, ""last_sent_at"": ""2026-04-27T04:57:26.389Z""}",,,,
20,bc41f850-db3a-4897-a0ba-77a69fb28bae,d5ac6269-d8cf-4821-ac8b-a6341e68987b,TLIS-002,registered,d7402d44-a12f-420b-93b9-90372a3b2e6e,oiuq,0900000002,,,,2026-04-28 02:36:02.733682+00,2026-04-28 02:36:02.733682+00,,,,,,,,[],0.00,unpaid,0.00,,,,,,,,,,,,,,2026-04-28 02:36:02.733682+00,2026-04-28 02:36:02.733682+00,,,,,,,,,,,,VND,,,,{},,,,
21,7a3b97d2-ce5c-4310-bce1-251c73d738b8,d5ac6269-d8cf-4821-ac8b-a6341e68987b,TLIS-003,registered,e995b9f7-7172-4f61-9551-42fdf057577d,qwerty,0900000003,,,,2026-04-28 02:36:02.733682+00,2026-04-28 02:36:02.733682+00,,,,,,,,[],0.00,unpaid,0.00,,,,,,,,,,,,,,2026-04-28 02:36:02.733682+00,2026-04-28 02:36:02.733682+00,,,,,,,,,,,,VND,,,,{},,,,
22,989e5e98-7525-4a03-82f4-7963ead422c1,d5ac6269-d8cf-4821-ac8b-a6341e68987b,Q2804-006,consulting,e3482173-8341-49b8-ad4c-b0ae3ec16730,Chea Reaksmey,+855989898989,1998-02-02,female,N0154756778,2026-04-28 09:22:00.606763+00,2026-04-28 09:22:00.606763+00,70d925ed-484a-4ea8-addb-784eb9cdaf5d,f726e781-03bf-4eb2-9cf6-8a628f6badf6,ee9e6f4b-ba62-4fd3-b00a-b71e49e4eabc,2026-04-28 09:22:11.303+00,,,,[],0.00,unpaid,0.00,,,,,,,,,,,,,,2026-04-28 09:22:00.606763+00,2026-04-28 09:22:11.496758+00,70d925ed-484a-4ea8-addb-784eb9cdaf5d,70d925ed-484a-4ea8-addb-784eb9cdaf5d,,,,,,,,,,VND,,,,{},,,,
23,1647e291-900e-43a5-b024-d4360a331337,d5ac6269-d8cf-4821-ac8b-a6341e68987b,Q0805-004,consulting,ad614bd7-27fe-4f72-9ad4-1aa539c9d685,lu lu,+85510101010101010,1996-05-01,female,,2026-05-08 03:35:42.482989+00,2026-05-08 03:35:42.482989+00,70d925ed-484a-4ea8-addb-784eb9cdaf5d,05633a99-3aea-48f0-bd47-042ae9db4aac,ee9e6f4b-ba62-4fd3-b00a-b71e49e4eabc,2026-05-08 03:46:24.093+00,,,,[],0.00,unpaid,0.00,,,,,,,,,,,,,,2026-05-08 03:35:42.482989+00,2026-05-08 03:47:52.605624+00,70d925ed-484a-4ea8-addb-784eb9cdaf5d,70d925ed-484a-4ea8-addb-784eb9cdaf5d,,,,,,,,,,VND,,,,{},,,,
24,e1b7f765-725e-4899-bea3-9aaa1aaf23c7,d5ac6269-d8cf-4821-ac8b-a6341e68987b,Q2904-001,completed,,Long Lay,+855636363636,2000-02-03,male,N011102478,2026-04-29 06:59:00.439529+00,2026-04-29 06:59:00.439529+00,70d925ed-484a-4ea8-addb-784eb9cdaf5d,7adf8c6b-454c-43d5-973b-f1b6baedbfb8,,2026-04-29 07:01:03.047+00,2026-04-29 07:04:03.191+00,Often tired and sleepy even day time ,,"[{""id"": ""oi-1777446233343-ebac75a9-e3b3-4796-b419-4b73e3a42825"", ""quantity"": 1, ""subtotal"": 15, ""service_id"": ""ebac75a9-e3b3-4796-b419-4b73e3a42825"", ""unit_price"": 15, ""service_code"": ""LAB001"", ""service_name"": ""17-OH-Progesterone"", ""service_type"": ""lab"", ""currency_code"": ""USD"", ""result_summary"": ""CBC is normal "", ""result_file_url"": null, ""discount_percent"": 0}, {""id"": ""oi-1777446233847-33e1d944-47bc-4044-9970-a747ab0d11d5"", ""quantity"": 1, ""subtotal"": 3, ""service_id"": ""33e1d944-47bc-4044-9970-a747ab0d11d5"", ""unit_price"": 3, ""service_code"": ""LAB005"", ""service_name"": ""A/G (Albumin/Globulin ratio)"", ""service_type"": ""lab"", ""currency_code"": ""USD"", ""result_summary"": ""CBC is normal "", ""result_file_url"": null, ""discount_percent"": 0}, {""id"": ""oi-1777446234486-0712bbdf-855f-4444-9f1b-7fd91ed47bb1"", ""quantity"": 1, ""subtotal"": 8.5, ""service_id"": ""0712bbdf-855f-4444-9f1b-7fd91ed47bb1"", ""unit_price"": 8.5, ""service_code"": ""LAB006"", ""service_name"": ""A1c (Hemoglobin A1c)"", ""service_type"": ""lab"", ""currency_code"": ""USD"", ""result_summary"": ""CBC is normal "", ""result_file_url"": null, ""discount_percent"": 0}, {""id"": ""oi-1777446235031-e1c12fbf-275b-4d5d-ae08-7a455c7f99bc"", ""quantity"": 1, ""subtotal"": 2, ""service_id"": ""e1c12fbf-275b-4d5d-ae08-7a455c7f99bc"", ""unit_price"": 2, ""service_code"": ""LAB007"", ""service_name"": ""ABO Blood group and Rhesus"", ""service_type"": ""lab"", ""currency_code"": ""USD"", ""result_summary"": ""CBC is normal "", ""result_file_url"": null, ""discount_percent"": 0}, {""id"": ""oi-1777446235822-df511251-a0e9-462a-b760-6b168ce20e77"", ""quantity"": 1, ""subtotal"": 62, ""service_id"": ""df511251-a0e9-462a-b760-6b168ce20e77"", ""unit_price"": 62, ""service_code"": ""LAB008"", ""service_name"": ""Acetaminophen"", ""service_type"": ""lab"", ""currency_code"": ""USD"", ""result_summary"": ""CBC is normal "", ""result_file_url"": null, ""discount_percent"": 0}]",60090.50,paid,60090.50,2026-04-29 07:05:09.326+00,8ce20e86-3dcf-453f-a903-7b117eff3196,HD-XN20260429-6817,transfer,2026-04-29 07:06:04.967+00,6002a63f-bf2d-4134-84de-a68f6f43621e,Completed for blood collection ,2026-04-29 07:06:04.967+00,,,2026-04-29 07:07:59.719+00,2026-04-29 07:08:53.183+00,print,2026-04-29 06:59:00.439529+00,2026-04-29 07:08:53.428694+00,70d925ed-484a-4ea8-addb-784eb9cdaf5d,6002a63f-bf2d-4134-84de-a68f6f43621e,,,,,,,,,,VND,,,,"{""items"": {""oi-1777446239335-bddd9862-e6a9-4620-8708-5eaa5aa17aa4"": {""accession"": ""SHUGJUCF"", ""last_ack_msa1"": ""CA"", ""last_ris_error"": null, ""placer_line_id"": ""oi1777446239"", ""last_message_id"": 1777446886, ""last_omi_new_at"": ""2026-04-29T07:04:06.128Z"", ""last_ris_http_status"": 200}, ""oi-1777446240846-f98030a9-f42b-44c7-8f25-bd42d3d36a01"": {""accession"": ""MKLULM4Q"", ""last_ack_msa1"": ""CA"", ""last_ris_error"": null, ""placer_line_id"": ""oi1777446240"", ""last_message_id"": 1777447068, ""last_omi_new_at"": ""2026-04-29T07:04:07.235Z"", ""last_ris_http_status"": 200}}, ""last_sent_at"": ""2026-04-29T07:04:07.788Z""}",,,,
25,e1018f55-1436-49f2-9e95-476d6db849fe,d5ac6269-d8cf-4821-ac8b-a6341e68987b,Q2804-005,completed,e3482173-8341-49b8-ad4c-b0ae3ec16730,Chea Reaksmey,+855989898989,1998-02-02,female,N0154756778,2026-04-28 08:32:36.871652+00,2026-04-28 08:32:36.871652+00,70d925ed-484a-4ea8-addb-784eb9cdaf5d,7adf8c6b-454c-43d5-973b-f1b6baedbfb8,,2026-04-28 08:32:52.66+00,2026-04-28 08:33:56.749+00,,,"[{""id"": ""oi-1777365219568-ebac75a9-e3b3-4796-b419-4b73e3a42825"", ""quantity"": 1, ""subtotal"": 15, ""service_id"": ""ebac75a9-e3b3-4796-b419-4b73e3a42825"", ""unit_price"": 15, ""service_code"": ""LAB001"", ""service_name"": ""17-OH-Progesterone"", ""service_type"": ""lab"", ""currency_code"": ""USD"", ""result_summary"": ""Normal "", ""result_file_url"": null, ""discount_percent"": 0}, {""id"": ""oi-1777365219568-ebac75a9-e3b3-4796-b419-4b73e3a42825"", ""quantity"": 1, ""subtotal"": 15, ""service_id"": ""ebac75a9-e3b3-4796-b419-4b73e3a42825"", ""unit_price"": 15, ""service_code"": ""LAB001"", ""service_name"": ""17-OH-Progesterone"", ""service_type"": ""lab"", ""currency_code"": ""USD"", ""result_summary"": ""Normal "", ""result_file_url"": null, ""discount_percent"": 0}]",55030.00,paid,55030.00,2026-04-28 08:35:08.611+00,8ce20e86-3dcf-453f-a903-7b117eff3196,HD-XN20260428-8096,cash,2026-04-28 08:39:48.147+00,6002a63f-bf2d-4134-84de-a68f6f43621e,Done ,2026-04-28 08:39:48.147+00,,,2026-04-28 08:40:05.965+00,2026-04-28 09:06:15.985+00,print,2026-04-28 08:32:36.871652+00,2026-04-28 09:06:15.658504+00,70d925ed-484a-4ea8-addb-784eb9cdaf5d,076805d0-ea18-4721-996b-dae8519ec552,,,,,,,,,,VND,,,,"{""items"": {""oi-1777365224726-7592fb5a-34a6-4b1f-a57a-0a2e1422e650"": {""accession"": ""NL7KJBDZ"", ""last_ack_msa1"": ""CA"", ""last_ris_error"": null, ""placer_line_id"": ""oi1777365224"", ""last_message_id"": 1777365526, ""last_omi_new_at"": ""2026-04-28T08:34:01.022Z"", ""last_ris_http_status"": 200}, ""oi-1777365225999-5ee641f7-3739-4737-9294-bb69068f48b5"": {""accession"": ""7UCMG2KG"", ""last_ack_msa1"": ""CA"", ""last_ris_error"": null, ""placer_line_id"": ""oi1777365225"", ""last_message_id"": 1777365482, ""last_omi_new_at"": ""2026-04-28T08:34:02.598Z"", ""last_ris_http_status"": 200}}, ""last_sent_at"": ""2026-04-28T08:34:03.556Z""}",,,,
26,a351917d-34e3-4773-ad9b-78412bb0455e,d5ac6269-d8cf-4821-ac8b-a6341e68987b,Q3004-003,pending_payment,,Kunthea Hak,+85512938475,2026-04-30,female,01992883,2026-04-30 01:33:37.599296+00,2026-04-30 01:33:37.599296+00,6002a63f-bf2d-4134-84de-a68f6f43621e,05633a99-3aea-48f0-bd47-042ae9db4aac,ee9e6f4b-ba62-4fd3-b00a-b71e49e4eabc,2026-04-30 01:33:43.437+00,2026-04-30 01:36:15.845+00,,,"[{""id"": ""oi-1777512970016-2f0663c0-3cbe-4439-a1bb-007f33c66f18"", ""quantity"": 1, ""subtotal"": 25, ""service_id"": ""2f0663c0-3cbe-4439-a1bb-007f33c66f18"", ""unit_price"": 25, ""service_code"": ""LAB208"", ""service_name"": ""EPO (Erythropoietin)"", ""service_type"": ""lab"", ""currency_code"": ""USD"", ""discount_percent"": 0}]",25.00,unpaid,0.00,,,,,,,,,,,,,,2026-04-30 01:33:37.599296+00,2026-04-30 01:36:16.330584+00,6002a63f-bf2d-4134-84de-a68f6f43621e,6002a63f-bf2d-4134-84de-a68f6f43621e,,,,,,,,,,VND,,,,{},,,,
27,0405ef68-4182-4928-b707-624d9844a1d4,d5ac6269-d8cf-4821-ac8b-a6341e68987b,Q3004-002,pending_payment,,Seng Hour,+85598227442,2026-04-30,male,017938423,2026-04-30 01:32:33.9615+00,2026-04-30 01:32:33.9615+00,6002a63f-bf2d-4134-84de-a68f6f43621e,47b7da61-2af9-44b7-bf87-645c004c5910,3ad8d048-7d5b-4a2e-8959-7193a27765e7,2026-04-30 01:33:49.775+00,2026-04-30 01:36:28.77+00,,,"[{""id"": ""oi-1777512982908-5ee641f7-3739-4737-9294-bb69068f48b5"", ""quantity"": 1, ""subtotal"": 25000, ""service_id"": ""5ee641f7-3739-4737-9294-bb69068f48b5"", ""unit_price"": 25000, ""service_code"": ""XR003"", ""service_name"": ""Bone X-Ray (Extremities)"", ""service_type"": ""imaging"", ""currency_code"": ""USD"", ""discount_percent"": 0}]",25000.00,unpaid,0.00,,,,,,,,,,,,,,2026-04-30 01:32:33.9615+00,2026-04-30 01:36:32.913305+00,6002a63f-bf2d-4134-84de-a68f6f43621e,6002a63f-bf2d-4134-84de-a68f6f43621e,,,,,,,,,,VND,,,,"{""items"": {""oi-1777512982908-5ee641f7-3739-4737-9294-bb69068f48b5"": {""accession"": ""G9TEUZDB"", ""last_ack_msa1"": ""CA"", ""last_ris_error"": null, ""placer_line_id"": ""oi1777512982"", ""last_message_id"": 1777513790, ""last_omi_new_at"": ""2026-04-30T01:36:31.459Z"", ""last_ris_http_status"": 200}}, ""last_sent_at"": ""2026-04-30T01:36:32.759Z""}",,,,
28,8a60d016-1dcd-459e-9c0e-2a0bcb62e898,d5ac6269-d8cf-4821-ac8b-a6341e68987b,Q3004-001,pending_payment,,Hour Hak,+85511388294,2026-04-30,male,017992442,2026-04-30 01:31:59.915551+00,2026-04-30 01:31:59.915551+00,6002a63f-bf2d-4134-84de-a68f6f43621e,f726e781-03bf-4eb2-9cf6-8a628f6badf6,,2026-04-30 01:33:54.846+00,2026-04-30 01:37:01.89+00,,,"[{""id"": ""oi-1777513006627-97b46f04-ef35-480f-87a1-48a0991ee61b"", ""quantity"": 1, ""subtotal"": 14, ""service_id"": ""97b46f04-ef35-480f-87a1-48a0991ee61b"", ""unit_price"": 14, ""service_code"": ""LAB112"", ""service_name"": ""Beta Cross Laps"", ""service_type"": ""lab"", ""currency_code"": ""USD"", ""discount_percent"": 0}, {""id"": ""oi-1777513009357-865473f7-085e-48a3-8f6b-6115785f9ce2"", ""quantity"": 1, ""subtotal"": 10, ""service_id"": ""865473f7-085e-48a3-8f6b-6115785f9ce2"", ""unit_price"": 10, ""service_code"": ""LAB113"", ""service_name"": ""Beta HCG/Blood (Quantitative)"", ""service_type"": ""lab"", ""currency_code"": ""USD"", ""discount_percent"": 0}, {""id"": ""oi-1777513011292-099bdba1-a560-4d05-a569-a3c5949a5007"", ""quantity"": 1, ""subtotal"": 1.5, ""service_id"": ""099bdba1-a560-4d05-a569-a3c5949a5007"", ""unit_price"": 1.5, ""service_code"": ""LAB114"", ""service_name"": ""Beta HCG/Urine (Qualitative)"", ""service_type"": ""lab"", ""currency_code"": ""USD"", ""discount_percent"": 0}, {""id"": ""oi-1777513014651-cc6bd618-f1e7-4955-9c4e-49fb95a5c698"", ""quantity"": 1, ""subtotal"": 185, ""service_id"": ""cc6bd618-f1e7-4955-9c4e-49fb95a5c698"", ""unit_price"": 185, ""service_code"": ""LAB115"", ""service_name"": ""Beta-thalassemia"", ""service_type"": ""lab"", ""currency_code"": ""USD"", ""discount_percent"": 0}, {""id"": ""oi-1777513020595-cef8ea8b-c58d-427b-bcf0-11a3c7e12798"", ""quantity"": 1, ""subtotal"": 2, ""service_id"": ""cef8ea8b-c58d-427b-bcf0-11a3c7e12798"", ""unit_price"": 2, ""service_code"": ""LAB125"", ""service_name"": ""Blood Group (ABO+Rh)"", ""service_type"": ""lab"", ""currency_code"": ""USD"", ""discount_percent"": 0}]",212.50,unpaid,0.00,,,,,,,,,,,,,,2026-04-30 01:31:59.915551+00,2026-04-30 01:37:02.345145+00,6002a63f-bf2d-4134-84de-a68f6f43621e,6002a63f-bf2d-4134-84de-a68f6f43621e,,,,,,,,,,VND,,,,{},,,,
29,4cbcaf44-a977-415a-b4d9-cc9099bc18ba,d5ac6269-d8cf-4821-ac8b-a6341e68987b,Q2804-007,completed,,Keo Sarat,+8553131313131,1998-09-09,male,,2026-04-28 09:25:06.961533+00,2026-04-28 09:25:06.961533+00,70d925ed-484a-4ea8-addb-784eb9cdaf5d,7adf8c6b-454c-43d5-973b-f1b6baedbfb8,,2026-04-28 09:25:26.772+00,2026-04-28 09:26:27.296+00,Çan' sleep at night ,,"[{""id"": ""oi-1777368378914-0712bbdf-855f-4444-9f1b-7fd91ed47bb1"", ""quantity"": 1, ""subtotal"": 8.5, ""service_id"": ""0712bbdf-855f-4444-9f1b-7fd91ed47bb1"", ""unit_price"": 8.5, ""service_code"": ""LAB006"", ""service_name"": ""A1c (Hemoglobin A1c)"", ""service_type"": ""lab"", ""currency_code"": ""USD"", ""result_summary"": ""Normal "", ""result_file_url"": null, ""discount_percent"": 0}, {""id"": ""oi-1777368379447-e1c12fbf-275b-4d5d-ae08-7a455c7f99bc"", ""quantity"": 1, ""subtotal"": 2, ""service_id"": ""e1c12fbf-275b-4d5d-ae08-7a455c7f99bc"", ""unit_price"": 2, ""service_code"": ""LAB007"", ""service_name"": ""ABO Blood group and Rhesus"", ""service_type"": ""lab"", ""currency_code"": ""USD"", ""result_summary"": ""Normal "", ""result_file_url"": null, ""discount_percent"": 0}]",30010.50,paid,30010.50,2026-04-28 09:27:11.009+00,8ce20e86-3dcf-453f-a903-7b117eff3196,HD-XN20260428-4518,cash,2026-04-28 09:29:18.999+00,6002a63f-bf2d-4134-84de-a68f6f43621e,Done ,2026-04-28 09:29:18.999+00,,,2026-04-28 09:30:23.991+00,2026-04-28 09:31:52.274+00,print,2026-04-28 09:25:06.961533+00,2026-04-28 09:31:52.473695+00,70d925ed-484a-4ea8-addb-784eb9cdaf5d,6002a63f-bf2d-4134-84de-a68f6f43621e,,,,,,,,,,VND,,,,"{""items"": {""oi-1777368382101-7592fb5a-34a6-4b1f-a57a-0a2e1422e650"": {""accession"": ""NSQ7PV5T"", ""last_ack_msa1"": ""CA"", ""last_ris_error"": null, ""placer_line_id"": ""oi1777368382"", ""last_message_id"": 1777369380, ""last_omi_new_at"": ""2026-04-28T09:26:29.772Z"", ""last_ris_http_status"": 200}}, ""last_sent_at"": ""2026-04-28T09:26:31.342Z""}",,,,
30,3cd71ef6-2157-4ccd-8b03-b7d22f0f0e14,d5ac6269-d8cf-4821-ac8b-a6341e68987b,Q0805-005,consulting,5718ee05-bb6b-47f7-a130-070df6c69cec,Le Duc Thang,+855979797979,1996-05-01,male,,2026-05-08 03:49:53.539892+00,2026-05-08 03:49:53.539892+00,70d925ed-484a-4ea8-addb-784eb9cdaf5d,f726e781-03bf-4eb2-9cf6-8a628f6badf6,,2026-05-08 03:50:05.398+00,,,,[],0.00,unpaid,0.00,,,,,,,,,,,,,,2026-05-08 03:49:53.539892+00,2026-05-08 03:50:05.623906+00,70d925ed-484a-4ea8-addb-784eb9cdaf5d,70d925ed-484a-4ea8-addb-784eb9cdaf5d,,,,,,,,,,VND,,,,{},,,,
31,9f0d827d-3a01-422d-b35f-7bbce84f0377,d5ac6269-d8cf-4821-ac8b-a6341e68987b,TLIS-001,result_ready,75b7ebc8-a572-42d5-bc70-27a7276f2441,Tuan,0900000001,,,,2026-04-28 02:36:02.733682+00,2026-04-28 02:36:02.733682+00,,7adf8c6b-454c-43d5-973b-f1b6baedbfb8,,2026-04-28 08:26:24.617+00,2026-04-28 08:27:41.138+00,,,"[{""id"": ""oi-1777364853268-ebac75a9-e3b3-4796-b419-4b73e3a42825"", ""quantity"": 1, ""subtotal"": 15, ""service_id"": ""ebac75a9-e3b3-4796-b419-4b73e3a42825"", ""unit_price"": 15, ""service_code"": ""LAB001"", ""service_name"": ""17-OH-Progesterone"", ""service_type"": ""lab"", ""currency_code"": ""USD"", ""result_summary"": ""done "", ""result_file_url"": null, ""discount_percent"": 0}, {""id"": ""oi-1777364853268-ebac75a9-e3b3-4796-b419-4b73e3a42825"", ""quantity"": 1, ""subtotal"": 15, ""service_id"": ""ebac75a9-e3b3-4796-b419-4b73e3a42825"", ""unit_price"": 15, ""service_code"": ""LAB001"", ""service_name"": ""17-OH-Progesterone"", ""service_type"": ""lab"", ""currency_code"": ""USD"", ""result_summary"": ""done "", ""result_file_url"": null, ""discount_percent"": 0}, {""id"": ""oi-1777364855175-33e1d944-47bc-4044-9970-a747ab0d11d5"", ""quantity"": 1, ""subtotal"": 3, ""service_id"": ""33e1d944-47bc-4044-9970-a747ab0d11d5"", ""unit_price"": 3, ""service_code"": ""LAB005"", ""service_name"": ""A/G (Albumin/Globulin ratio)"", ""service_type"": ""lab"", ""currency_code"": ""USD"", ""result_summary"": ""done "", ""result_file_url"": null, ""discount_percent"": 0}, {""id"": ""oi-1777364855175-33e1d944-47bc-4044-9970-a747ab0d11d5"", ""quantity"": 1, ""subtotal"": 3, ""service_id"": ""33e1d944-47bc-4044-9970-a747ab0d11d5"", ""unit_price"": 3, ""service_code"": ""LAB005"", ""service_name"": ""A/G (Albumin/Globulin ratio)"", ""service_type"": ""lab"", ""currency_code"": ""USD"", ""result_summary"": ""done "", ""result_file_url"": null, ""discount_percent"": 0}, {""id"": ""oi-1777364858905-0712bbdf-855f-4444-9f1b-7fd91ed47bb1"", ""quantity"": 1, ""subtotal"": 8.5, ""service_id"": ""0712bbdf-855f-4444-9f1b-7fd91ed47bb1"", ""unit_price"": 8.5, ""service_code"": ""LAB006"", ""service_name"": ""A1c (Hemoglobin A1c)"", ""service_type"": ""lab"", ""currency_code"": ""USD"", ""result_summary"": ""done "", ""result_file_url"": null, ""discount_percent"": 0}]",44.50,paid,44.50,2026-04-28 09:02:18.419+00,8ce20e86-3dcf-453f-a903-7b117eff3196,HD-XN20260428-2632,transfer,,,,,,,2026-04-29 07:09:15.414+00,,,2026-04-28 02:36:02.733682+00,2026-04-29 07:09:15.62365+00,,8ce20e86-3dcf-453f-a903-7b117eff3196,,,,,,,,,,VND,,,,{},,,,
32,19bb0895-bc49-4574-a265-6afda7908582,d5ac6269-d8cf-4821-ac8b-a6341e68987b,Q3004-004,paid,,Kunthida,+85592873529,2026-04-30,female,01188322,2026-04-30 01:34:41.502077+00,2026-04-30 01:34:41.502077+00,6002a63f-bf2d-4134-84de-a68f6f43621e,7adf8c6b-454c-43d5-973b-f1b6baedbfb8,,2026-04-30 01:34:46.617+00,2026-04-30 01:37:26.161+00,,,"[{""id"": ""oi-1777513029175-da014d55-d016-49a4-b117-4b76d6cdf6a0"", ""quantity"": 1, ""subtotal"": 350, ""service_id"": ""da014d55-d016-49a4-b117-4b76d6cdf6a0"", ""unit_price"": 350, ""service_code"": ""LAB025"", ""service_name"": ""ADN test for paternity identification"", ""service_type"": ""lab"", ""currency_code"": ""USD"", ""discount_percent"": 0}, {""id"": ""oi-1777513041900-cef8ea8b-c58d-427b-bcf0-11a3c7e12798"", ""quantity"": 1, ""subtotal"": 2, ""service_id"": ""cef8ea8b-c58d-427b-bcf0-11a3c7e12798"", ""unit_price"": 2, ""service_code"": ""LAB125"", ""service_name"": ""Blood Group (ABO+Rh)"", ""service_type"": ""lab"", ""currency_code"": ""USD"", ""discount_percent"": 0}]",352.00,paid,352.00,2026-04-30 01:37:48.901+00,6002a63f-bf2d-4134-84de-a68f6f43621e,HD-XN20260430-7509,cash,,,,,,,,,,2026-04-30 01:34:41.502077+00,2026-04-30 01:37:49.317253+00,6002a63f-bf2d-4134-84de-a68f6f43621e,6002a63f-bf2d-4134-84de-a68f6f43621e,,,,,,,,,,VND,,,,{},,,,
33,8b935990-e8e9-4d1f-9692-415f1eac7c34,d5ac6269-d8cf-4821-ac8b-a6341e68987b,Q3004-006,completed,,Ly Dara,+85512984956,1981-02-12,male,9845611,2026-04-30 09:05:42.719802+00,2026-04-30 09:05:42.719802+00,70d925ed-484a-4ea8-addb-784eb9cdaf5d,7adf8c6b-454c-43d5-973b-f1b6baedbfb8,,2026-04-30 09:06:07.48+00,2026-04-30 09:13:53.112+00,hiv,,"[{""id"": ""oi-1777540431450-ebac75a9-e3b3-4796-b419-4b73e3a42825"", ""quantity"": 1, ""subtotal"": 15, ""service_id"": ""ebac75a9-e3b3-4796-b419-4b73e3a42825"", ""unit_price"": 15, ""service_code"": ""LAB001"", ""service_name"": ""17-OH-Progesterone"", ""service_type"": ""lab"", ""currency_code"": ""USD"", ""result_summary"": ""Normal "", ""result_file_url"": null, ""discount_percent"": 0}, {""id"": ""oi-1777540431450-ebac75a9-e3b3-4796-b419-4b73e3a42825"", ""quantity"": 1, ""subtotal"": 15, ""service_id"": ""ebac75a9-e3b3-4796-b419-4b73e3a42825"", ""unit_price"": 15, ""service_code"": ""LAB001"", ""service_name"": ""17-OH-Progesterone"", ""service_type"": ""lab"", ""currency_code"": ""USD"", ""result_summary"": ""Normal "", ""result_file_url"": null, ""discount_percent"": 0}]",30.00,paid,30.00,2026-04-30 09:14:10.729+00,8ce20e86-3dcf-453f-a903-7b117eff3196,HD-XN20260430-5758,cash,2026-04-30 09:15:42.539+00,6002a63f-bf2d-4134-84de-a68f6f43621e,Done,2026-04-30 09:15:42.539+00,,,2026-04-30 09:15:54.018+00,2026-04-30 09:16:10.562+00,print,2026-04-30 09:05:42.719802+00,2026-04-30 09:16:10.723389+00,70d925ed-484a-4ea8-addb-784eb9cdaf5d,6002a63f-bf2d-4134-84de-a68f6f43621e,,,,,,,,,,VND,,,,{},,,,
34,b075c840-d4c3-4e5e-b129-3964f69e68f3,d5ac6269-d8cf-4821-ac8b-a6341e68987b,T-API-001,collecting,c2c1bf3c-b2a7-4bd4-b389-b307307c3121,Nguyễn Văn Test (API),0900000001,1985-03-12,male,,2026-05-07 02:56:41.038444+00,2026-05-07 02:56:41.038444+00,,,,,,,,"[{""qty"": 1, ""price"": 2.0, ""service_id"": ""533b31d7-0a32-461e-96b5-432560ed13f5"", ""lab_subtype"": ""HUYET_HOC"", ""service_code"": ""ANM001"", ""service_name"": ""CBC""}, {""qty"": 1, ""price"": 1.0, ""service_id"": ""4cb45a8b-26bb-4fcd-8e96-f724af86ed10"", ""lab_subtype"": ""SINH_HOA"", ""service_code"": ""CHO001"", ""service_name"": ""Total Cholesterol""}, {""qty"": 1, ""price"": 2.5, ""service_id"": ""6e935e00-e647-48f9-a107-f7141cb07ee1"", ""lab_subtype"": ""MIEN_DICH"", ""service_code"": ""ART004"", ""service_name"": ""CRP""}]",5.50,paid,5.50,2026-05-07 02:56:41.038444+00,,,,,,,,,,,,,2026-05-07 02:56:41.038444+00,2026-05-07 02:56:41.038444+00,,,,,,,,,,,,USD,,,,{},,,,
35,37ccffd1-50e4-40d4-bc4c-30bf6e236435,d5ac6269-d8cf-4821-ac8b-a6341e68987b,Q0705-004,completed,,Peak Peak,+85596969696,1998-03-02,female,,2026-05-07 03:50:59.76527+00,2026-05-07 03:50:59.76527+00,70d925ed-484a-4ea8-addb-784eb9cdaf5d,7adf8c6b-454c-43d5-973b-f1b6baedbfb8,,2026-05-07 03:51:49.077+00,2026-05-07 03:52:53.045+00,Headache,,"[{""id"": ""oi-1778125971413-ebac75a9-e3b3-4796-b419-4b73e3a42825"", ""quantity"": 1, ""subtotal"": 15, ""service_id"": ""ebac75a9-e3b3-4796-b419-4b73e3a42825"", ""unit_price"": 15, ""service_code"": ""LAB001"", ""service_name"": ""17-OH-Progesterone"", ""service_type"": ""lab"", ""currency_code"": ""USD"", ""result_summary"": ""Testing "", ""result_file_url"": null, ""discount_percent"": 0}]",15.00,paid,15.00,2026-05-07 03:54:50.453+00,8ce20e86-3dcf-453f-a903-7b117eff3196,HD-XN20260507-5838,cash,2026-05-07 03:59:37.157+00,6002a63f-bf2d-4134-84de-a68f6f43621e,Done,2026-05-07 03:59:37.157+00,,,2026-05-07 04:02:53.694+00,2026-05-07 04:10:52.351+00,print,2026-05-07 03:50:59.76527+00,2026-05-07 04:10:52.591251+00,70d925ed-484a-4ea8-addb-784eb9cdaf5d,6002a63f-bf2d-4134-84de-a68f6f43621e,,,,,,,,,,VND,,,,{},,,,
36,297b2886-e770-4f7e-aea0-8b9b8aa97500,d5ac6269-d8cf-4821-ac8b-a6341e68987b,Q0705-003,completed,,Neak Neak,+85596969696,1998-05-03,male,,2026-05-07 03:50:05.624179+00,2026-05-07 03:50:05.624179+00,70d925ed-484a-4ea8-addb-784eb9cdaf5d,7adf8c6b-454c-43d5-973b-f1b6baedbfb8,,2026-05-07 03:51:37.917+00,2026-05-07 03:52:41.63+00,Tired ,,"[{""id"": ""oi-1778125959549-a524d65a-2075-453a-9ffe-a764c244700c"", ""quantity"": 1, ""subtotal"": 15, ""service_id"": ""a524d65a-2075-453a-9ffe-a764c244700c"", ""unit_price"": 15, ""service_code"": ""LAB193"", ""service_name"": ""Digoxin"", ""service_type"": ""lab"", ""currency_code"": ""USD"", ""result_summary"": ""testing"", ""result_file_url"": null, ""discount_percent"": 0}]",15.00,paid,15.00,2026-05-07 03:55:00.829+00,8ce20e86-3dcf-453f-a903-7b117eff3196,HD-XN20260507-9648,cash,2026-05-07 03:59:42.181+00,6002a63f-bf2d-4134-84de-a68f6f43621e,Done,2026-05-07 03:59:42.181+00,,,2026-05-07 04:03:00.926+00,2026-05-07 04:10:56.654+00,print,2026-05-07 03:50:05.624179+00,2026-05-07 04:10:56.82426+00,70d925ed-484a-4ea8-addb-784eb9cdaf5d,6002a63f-bf2d-4134-84de-a68f6f43621e,,,,,,,,,,VND,,,,{},,,,
37,873cb71c-8d28-4253-a649-c811789b32a0,d5ac6269-d8cf-4821-ac8b-a6341e68987b,Q3004-009,in_imaging,,ABCD,+85511555032,2010-10-10,male,011555032,2026-04-30 09:26:14.265725+00,2026-04-30 09:26:14.265725+00,70d925ed-484a-4ea8-addb-784eb9cdaf5d,7adf8c6b-454c-43d5-973b-f1b6baedbfb8,,2026-04-30 09:26:31.926+00,2026-04-30 09:28:35.945+00,done,,"[{""id"": ""oi-1777541257034-7592fb5a-34a6-4b1f-a57a-0a2e1422e650"", ""quantity"": 1, ""subtotal"": 30000, ""service_id"": ""7592fb5a-34a6-4b1f-a57a-0a2e1422e650"", ""unit_price"": 30000, ""service_code"": ""XR002"", ""service_name"": ""Abdomen X-Ray"", ""service_type"": ""imaging"", ""currency_code"": ""USD"", ""discount_percent"": 0}, {""id"": ""oi-1777541257034-7592fb5a-34a6-4b1f-a57a-0a2e1422e650"", ""quantity"": 1, ""subtotal"": 30000, ""service_id"": ""7592fb5a-34a6-4b1f-a57a-0a2e1422e650"", ""unit_price"": 30000, ""service_code"": ""XR002"", ""service_name"": ""Abdomen X-Ray"", ""service_type"": ""imaging"", ""currency_code"": ""USD"", ""discount_percent"": 0}, {""id"": ""oi-1777541308764-f98030a9-f42b-44c7-8f25-bd42d3d36a01"", ""quantity"": 1, ""subtotal"": 35000, ""service_id"": ""f98030a9-f42b-44c7-8f25-bd42d3d36a01"", ""unit_price"": 35000, ""service_code"": ""XR004"", ""service_name"": ""Spine X-Ray"", ""service_type"": ""imaging"", ""currency_code"": ""USD"", ""discount_percent"": 0}, {""id"": ""oi-1777541308764-f98030a9-f42b-44c7-8f25-bd42d3d36a01"", ""quantity"": 1, ""subtotal"": 35000, ""service_id"": ""f98030a9-f42b-44c7-8f25-bd42d3d36a01"", ""unit_price"": 35000, ""service_code"": ""XR004"", ""service_name"": ""Spine X-Ray"", ""service_type"": ""imaging"", ""currency_code"": ""USD"", ""discount_percent"": 0}, {""id"": ""oi-1777541313599-bab4d5a9-de36-408b-922a-a1897fb9c877"", ""quantity"": 1, ""subtotal"": 120000, ""service_id"": ""bab4d5a9-de36-408b-922a-a1897fb9c877"", ""unit_price"": 120000, ""service_code"": ""ED002"", ""service_name"": ""Colonoscopy"", ""service_type"": ""imaging"", ""currency_code"": ""USD"", ""discount_percent"": 0}, {""id"": ""oi-1777541313599-bab4d5a9-de36-408b-922a-a1897fb9c877"", ""quantity"": 1, ""subtotal"": 120000, ""service_id"": ""bab4d5a9-de36-408b-922a-a1897fb9c877"", ""unit_price"": 120000, ""service_code"": ""ED002"", ""service_name"": ""Colonoscopy"", ""service_type"": ""imaging"", ""currency_code"": ""USD"", ""discount_percent"": 0}]",370000.00,paid,370000.00,2026-04-30 09:29:35.886+00,8ce20e86-3dcf-453f-a903-7b117eff3196,HD-XN20260430-7472,cash,,,,,,,,,,2026-04-30 09:26:14.265725+00,2026-04-30 09:29:37.845353+00,70d925ed-484a-4ea8-addb-784eb9cdaf5d,8ce20e86-3dcf-453f-a903-7b117eff3196,,,,,,,,,,VND,,,,"{""items"": {""oi-1777541257034-7592fb5a-34a6-4b1f-a57a-0a2e1422e650"": {""accession"": ""Y6TV8GJC"", ""last_ack_msa1"": ""CR"", ""last_ris_error"": null, ""placer_line_id"": ""oi1777541257"", ""last_message_id"": 1777542014, ""last_omi_new_at"": ""2026-04-30T09:28:40.540Z"", ""last_ris_http_status"": 200}, ""oi-1777541308764-f98030a9-f42b-44c7-8f25-bd42d3d36a01"": {""accession"": ""MNNC4ZW2"", ""last_ack_msa1"": ""CR"", ""last_ris_error"": null, ""placer_line_id"": ""oi1777541308"", ""last_message_id"": 1777542012, ""last_omi_new_at"": ""2026-04-30T09:28:41.697Z"", ""last_ris_http_status"": 200}, ""oi-1777541313599-bab4d5a9-de36-408b-922a-a1897fb9c877"": {""accession"": ""98FZNY2C"", ""last_ack_msa1"": ""CR"", ""last_ris_error"": null, ""placer_line_id"": ""oi1777541313"", ""last_message_id"": 1777542238, ""last_omi_new_at"": ""2026-04-30T09:28:42.872Z"", ""last_ris_http_status"": 200}}, ""last_sent_at"": ""2026-04-30T09:28:43.366Z""}",,,,
38,265293cc-73da-41e9-90b6-3ce3f5960399,d5ac6269-d8cf-4821-ac8b-a6341e68987b,T-API-002,paid,e6abe318-d903-4d2f-920b-94f32ae51425,Trần Thị Demo (API),0900000002,1992-07-25,female,,2026-05-07 02:56:41.038444+00,2026-05-07 02:56:41.038444+00,,7adf8c6b-454c-43d5-973b-f1b6baedbfb8,,2026-05-07 03:05:09.825+00,2026-05-07 03:05:36.2+00,,,"[{""id"": ""oi-1778123130154-ebac75a9-e3b3-4796-b419-4b73e3a42825"", ""quantity"": 1, ""subtotal"": 15, ""service_id"": ""ebac75a9-e3b3-4796-b419-4b73e3a42825"", ""unit_price"": 15, ""service_code"": ""LAB001"", ""service_name"": ""17-OH-Progesterone"", ""service_type"": ""lab"", ""currency_code"": ""USD"", ""discount_percent"": 0}, {""id"": ""oi-1778123130876-33e1d944-47bc-4044-9970-a747ab0d11d5"", ""quantity"": 1, ""subtotal"": 3, ""service_id"": ""33e1d944-47bc-4044-9970-a747ab0d11d5"", ""unit_price"": 3, ""service_code"": ""LAB005"", ""service_name"": ""A/G (Albumin/Globulin ratio)"", ""service_type"": ""lab"", ""currency_code"": ""USD"", ""discount_percent"": 0}, {""id"": ""oi-1778123130932-0712bbdf-855f-4444-9f1b-7fd91ed47bb1"", ""quantity"": 1, ""subtotal"": 8.5, ""service_id"": ""0712bbdf-855f-4444-9f1b-7fd91ed47bb1"", ""unit_price"": 8.5, ""service_code"": ""LAB006"", ""service_name"": ""A1c (Hemoglobin A1c)"", ""service_type"": ""lab"", ""currency_code"": ""USD"", ""discount_percent"": 0}, {""id"": ""oi-1778123132035-e1c12fbf-275b-4d5d-ae08-7a455c7f99bc"", ""quantity"": 1, ""subtotal"": 2, ""service_id"": ""e1c12fbf-275b-4d5d-ae08-7a455c7f99bc"", ""unit_price"": 2, ""service_code"": ""LAB007"", ""service_name"": ""ABO Blood group and Rhesus"", ""service_type"": ""lab"", ""currency_code"": ""USD"", ""discount_percent"": 0}, {""id"": ""oi-1778123133702-df511251-a0e9-462a-b760-6b168ce20e77"", ""quantity"": 1, ""subtotal"": 62, ""service_id"": ""df511251-a0e9-462a-b760-6b168ce20e77"", ""unit_price"": 62, ""service_code"": ""LAB008"", ""service_name"": ""Acetaminophen"", ""service_type"": ""lab"", ""currency_code"": ""USD"", ""discount_percent"": 0}, {""id"": ""oi-1778123133750-07fa54b0-8a5d-4ff5-a67d-07ae52db918b"", ""quantity"": 1, ""subtotal"": 52, ""service_id"": ""07fa54b0-8a5d-4ff5-a67d-07ae52db918b"", ""unit_price"": 52, ""service_code"": ""LAB010"", ""service_name"": ""Acetyl Choline receptor Ab"", ""service_type"": ""lab"", ""currency_code"": ""USD"", ""discount_percent"": 0}]",142.50,paid,142.50,2026-05-07 03:55:03.885+00,8ce20e86-3dcf-453f-a903-7b117eff3196,HD-XN20260507-8139,cash,,,,,,,,,,2026-05-07 02:56:41.038444+00,2026-05-07 03:55:04.09274+00,,8ce20e86-3dcf-453f-a903-7b117eff3196,,,,,,,,,,USD,,,,{},,,,
39,839a7f05-2813-404f-aac4-5f9b1660c30b,d5ac6269-d8cf-4821-ac8b-a6341e68987b,Q0805-002,paid,9069ee71-c148-4a9a-bb8c-c4bb59d70717,lk lk,+8555050505050,1999-02-03,male,,2026-05-08 03:32:51.09516+00,2026-05-08 03:32:51.09516+00,70d925ed-484a-4ea8-addb-784eb9cdaf5d,7adf8c6b-454c-43d5-973b-f1b6baedbfb8,,2026-05-08 03:32:59.893+00,2026-05-08 03:53:44.886+00,Tired ,,"[{""id"": ""oi-1778212421534-abdccb6f-a6bd-44d4-848a-38a3d953f125"", ""quantity"": 1, ""subtotal"": 16, ""service_id"": ""abdccb6f-a6bd-44d4-848a-38a3d953f125"", ""unit_price"": 16, ""service_code"": ""LAB011"", ""service_name"": ""Acid Folic (Folate, Vit B9)"", ""service_type"": ""lab"", ""currency_code"": ""USD"", ""discount_percent"": 0}, {""id"": ""oi-1778212421893-baaf7a6a-2fa1-4484-a4a1-94c3dd458a9a"", ""quantity"": 1, ""subtotal"": 5, ""service_id"": ""baaf7a6a-2fa1-4484-a4a1-94c3dd458a9a"", ""unit_price"": 5, ""service_code"": ""LAB012"", ""service_name"": ""Acid Lactic (Lactic Acid, Lactate)"", ""service_type"": ""lab"", ""currency_code"": ""USD"", ""discount_percent"": 0}, {""id"": ""oi-1778212423357-33e9c918-8a80-4884-8c95-b127e66add32"", ""quantity"": 1, ""subtotal"": 1.25, ""service_id"": ""33e9c918-8a80-4884-8c95-b127e66add32"", ""unit_price"": 1.25, ""service_code"": ""LAB013"", ""service_name"": ""Acid Uric"", ""service_type"": ""lab"", ""currency_code"": ""USD"", ""discount_percent"": 0}]",22.25,paid,22.25,2026-05-08 03:54:56.47+00,8ce20e86-3dcf-453f-a903-7b117eff3196,HD-XN20260508-6418,cash,,,,,,,,,,2026-05-08 03:32:51.09516+00,2026-05-08 03:54:56.723934+00,70d925ed-484a-4ea8-addb-784eb9cdaf5d,8ce20e86-3dcf-453f-a903-7b117eff3196,,,,,,,,,,VND,,,,{},,,,
40,37e6d354-a352-4d43-b2a5-d6cb867d33ae,d5ac6269-d8cf-4821-ac8b-a6341e68987b,Q0805-001,completed,,Chheun Channy,+855979635569,2000-02-02,male,,2026-05-08 02:45:53.781274+00,2026-05-08 02:45:53.781274+00,70d925ed-484a-4ea8-addb-784eb9cdaf5d,7adf8c6b-454c-43d5-973b-f1b6baedbfb8,,2026-05-08 02:46:54.104+00,2026-05-08 02:59:42.347+00,Flu ,,"[{""id"": ""oi-1778209175171-4a5861ba-9074-42c3-b12a-1d13d070455e"", ""quantity"": 1, ""subtotal"": 2, ""service_id"": ""4a5861ba-9074-42c3-b12a-1d13d070455e"", ""unit_price"": 2, ""service_code"": ""LAB014"", ""service_name"": ""Acid Uric"", ""service_type"": ""lab"", ""currency_code"": ""USD"", ""result_summary"": "">25 "", ""result_file_url"": null, ""discount_percent"": 0}, {""id"": ""oi-1778209176787-33e9c918-8a80-4884-8c95-b127e66add32"", ""quantity"": 1, ""subtotal"": 1.25, ""service_id"": ""33e9c918-8a80-4884-8c95-b127e66add32"", ""unit_price"": 1.25, ""service_code"": ""LAB013"", ""service_name"": ""Acid Uric"", ""service_type"": ""lab"", ""currency_code"": ""USD"", ""result_summary"": "">25 "", ""result_file_url"": null, ""discount_percent"": 0}, {""id"": ""oi-1778209178307-3442ea3f-aad2-4e78-996e-ceb593c140ff"", ""quantity"": 1, ""subtotal"": 130, ""service_id"": ""3442ea3f-aad2-4e78-996e-ceb593c140ff"", ""unit_price"": 130, ""service_code"": ""LAB016"", ""service_name"": ""Acti Test - Fibro Test"", ""service_type"": ""lab"", ""currency_code"": ""USD"", ""result_summary"": "">25 "", ""result_file_url"": null, ""discount_percent"": 0}, {""id"": ""oi-1778209178811-3080eec7-fca8-4d7b-adc5-0f348c2ee5ee"", ""quantity"": 1, ""subtotal"": 15, ""service_id"": ""3080eec7-fca8-4d7b-adc5-0f348c2ee5ee"", ""unit_price"": 15, ""service_code"": ""LAB015"", ""service_name"": ""ACTH (Morning) (Adrenocorticotrope Hormone)"", ""service_type"": ""lab"", ""currency_code"": ""USD"", ""result_summary"": "">25 "", ""result_file_url"": null, ""discount_percent"": 0}]",148.25,paid,148.25,2026-05-08 03:00:34.636+00,8ce20e86-3dcf-453f-a903-7b117eff3196,HD-XN20260508-7504,transfer,2026-05-08 03:01:46.636+00,6002a63f-bf2d-4134-84de-a68f6f43621e,Done ,2026-05-08 03:01:46.636+00,,,2026-05-08 03:02:22.412+00,2026-05-08 03:02:31.108+00,print,2026-05-08 02:45:53.781274+00,2026-05-08 03:02:31.653121+00,70d925ed-484a-4ea8-addb-784eb9cdaf5d,6002a63f-bf2d-4134-84de-a68f6f43621e,,,,,,,,,,VND,,,,{},,,,
41,167f3073-5bd6-41c4-b107-8547b0a3a71b,d5ac6269-d8cf-4821-ac8b-a6341e68987b,Q0805-006,consulting,c42ee679-be23-45e9-b22b-6839ffe33e49,Chheun Channy,+855979635569,2000-02-02,male,,2026-05-08 03:56:11.814827+00,2026-05-08 03:56:11.814827+00,70d925ed-484a-4ea8-addb-784eb9cdaf5d,7adf8c6b-454c-43d5-973b-f1b6baedbfb8,,2026-05-08 03:57:04.845+00,,,,[],0.00,unpaid,0.00,,,,,,,,,,,,,,2026-05-08 03:56:11.814827+00,2026-05-08 03:57:05.065807+00,70d925ed-484a-4ea8-addb-784eb9cdaf5d,70d925ed-484a-4ea8-addb-784eb9cdaf5d,,,,,,,,,,VND,,,,{},,,,
