_excel_row_number,id,service_id,clinic_id,code,name,name_en,name_km,unit,reference_range_text,reference_range_low,reference_range_high,specimen_type,method,display_order,is_active,is_deleted,deleted_at,deleted_by,created_at,updated_at,created_by,updated_by
2,90cc6881-218b-4584-bde0-2023dc00a142,533b31d7-0a32-461e-96b5-432560ed13f5,d5ac6269-d8cf-4821-ac8b-a6341e68987b,WBC,Bạch cầu,White Blood Cell,,x10^9/L,4.0 - 10.0,4.0,10.0,Whole Blood (EDTA),Automated Hematology Analyzer,1,t,f,,,2026-04-28 03:47:26.953172+00,2026-04-28 03:47:26.953172+00,,
3,bbbe21b2-b704-46dd-ad53-052e6996d9c7,4e7e1a3f-9190-4d7e-8949-3305585bcc49,d5ac6269-d8cf-4821-ac8b-a6341e68987b,WBC,Bạch cầu,White Blood Cell,,x10^9/L,4.0 - 10.0,4.0,10.0,Whole Blood (EDTA),Automated Hematology Analyzer,1,t,f,,,2026-04-28 03:47:26.953172+00,2026-04-28 03:47:26.953172+00,,
4,0b010d15-f76a-4e5a-92b3-b1b3c9f82248,0d5f916d-7b86-42a8-8108-f632c7078cff,d5ac6269-d8cf-4821-ac8b-a6341e68987b,WBC,Bạch cầu,White Blood Cell,,x10^9/L,4.0 - 10.0,4.0,10.0,Whole Blood (EDTA),Automated Hematology Analyzer,1,t,f,,,2026-04-28 03:47:26.953172+00,2026-04-28 03:47:26.953172+00,,
5,189251dd-86e1-47f4-8fda-f22c7a5a5f17,d0c2eb37-90c2-478f-91df-3428c6f735bc,d5ac6269-d8cf-4821-ac8b-a6341e68987b,WBC,Bạch cầu,White Blood Cell,,x10^9/L,4.0 - 10.0,4.0,10.0,Whole Blood (EDTA),Automated Hematology Analyzer,1,t,f,,,2026-04-28 03:47:26.953172+00,2026-04-28 03:47:26.953172+00,,
6,8f7969fe-979e-4a51-ad66-73a3afc60484,f0e8dbb1-c16a-4787-9832-737d23559cdd,d5ac6269-d8cf-4821-ac8b-a6341e68987b,WBC,Bạch cầu,White Blood Cell,,x10^9/L,4.0 - 10.0,4.0,10.0,Whole Blood (EDTA),Automated Hematology Analyzer,1,t,f,,,2026-04-28 03:47:26.953172+00,2026-04-28 03:47:26.953172+00,,
7,c4bacb79-fcc4-4c46-b192-27150767ae16,a37ea8f8-8474-45f5-a102-2abcdf5ab54e,d5ac6269-d8cf-4821-ac8b-a6341e68987b,WBC,Bạch cầu,White Blood Cell,,x10^9/L,4.0 - 10.0,4.0,10.0,Whole Blood (EDTA),Automated Hematology Analyzer,1,t,f,,,2026-04-28 03:47:26.953172+00,2026-04-28 03:47:26.953172+00,,
8,65a981fa-3ab2-40ad-a09c-82b43f62eb3f,cc0de87b-4624-4f68-b9ba-1bac6649d799,d5ac6269-d8cf-4821-ac8b-a6341e68987b,WBC,Bạch cầu,White Blood Cell,,x10^9/L,4.0 - 10.0,4.0,10.0,Whole Blood (EDTA),Automated Hematology Analyzer,1,t,f,,,2026-04-28 03:47:26.953172+00,2026-04-28 03:47:26.953172+00,,
9,d26ccdcb-5f5a-4a80-b765-06aebec2fb76,c7851582-f458-4fe7-9364-03f27fa13608,d5ac6269-d8cf-4821-ac8b-a6341e68987b,WBC,Bạch cầu,White Blood Cell,,x10^9/L,4.0 - 10.0,4.0,10.0,Whole Blood (EDTA),Automated Hematology Analyzer,1,t,f,,,2026-04-28 03:47:26.953172+00,2026-04-28 03:47:26.953172+00,,
10,bcfcf08d-c565-41e3-90e5-66decd2914c6,7a9d47bf-ad62-4385-873e-8a54fa24afbe,d5ac6269-d8cf-4821-ac8b-a6341e68987b,WBC,Bạch cầu,White Blood Cell,,x10^9/L,4.0 - 10.0,4.0,10.0,Whole Blood (EDTA),Automated Hematology Analyzer,1,t,f,,,2026-04-28 03:47:26.953172+00,2026-04-28 03:47:26.953172+00,,
11,042bd348-00f9-4030-8f22-e54180ed229b,89af7bcd-3a9e-4e81-a7d5-b944888b95cb,d5ac6269-d8cf-4821-ac8b-a6341e68987b,WBC,Bạch cầu,White Blood Cell,,x10^9/L,4.0 - 10.0,4.0,10.0,Whole Blood (EDTA),Automated Hematology Analyzer,1,t,f,,,2026-04-28 03:47:26.953172+00,2026-04-28 03:47:26.953172+00,,
12,5285cd8c-0b03-465f-a238-47f0bd4f4f75,533b31d7-0a32-461e-96b5-432560ed13f5,d5ac6269-d8cf-4821-ac8b-a6341e68987b,RBC,Hồng cầu,Red Blood Cell,,x10^12/L,4.2 - 5.9,4.2,5.9,Whole Blood (EDTA),Automated Hematology Analyzer,2,t,f,,,2026-04-28 03:47:26.953172+00,2026-04-28 03:47:26.953172+00,,
13,f300c375-e0f4-426f-94e2-89e286037c6c,4e7e1a3f-9190-4d7e-8949-3305585bcc49,d5ac6269-d8cf-4821-ac8b-a6341e68987b,RBC,Hồng cầu,Red Blood Cell,,x10^12/L,4.2 - 5.9,4.2,5.9,Whole Blood (EDTA),Automated Hematology Analyzer,2,t,f,,,2026-04-28 03:47:26.953172+00,2026-04-28 03:47:26.953172+00,,
14,dbb2a422-d5ca-465a-b8cf-abad595ef7ec,0d5f916d-7b86-42a8-8108-f632c7078cff,d5ac6269-d8cf-4821-ac8b-a6341e68987b,RBC,Hồng cầu,Red Blood Cell,,x10^12/L,4.2 - 5.9,4.2,5.9,Whole Blood (EDTA),Automated Hematology Analyzer,2,t,f,,,2026-04-28 03:47:26.953172+00,2026-04-28 03:47:26.953172+00,,
15,327fe5f2-d35c-4686-87dd-1b52e22a7807,d0c2eb37-90c2-478f-91df-3428c6f735bc,d5ac6269-d8cf-4821-ac8b-a6341e68987b,RBC,Hồng cầu,Red Blood Cell,,x10^12/L,4.2 - 5.9,4.2,5.9,Whole Blood (EDTA),Automated Hematology Analyzer,2,t,f,,,2026-04-28 03:47:26.953172+00,2026-04-28 03:47:26.953172+00,,
16,675c778c-70c1-4cd8-b022-d856e95887d1,f0e8dbb1-c16a-4787-9832-737d23559cdd,d5ac6269-d8cf-4821-ac8b-a6341e68987b,RBC,Hồng cầu,Red Blood Cell,,x10^12/L,4.2 - 5.9,4.2,5.9,Whole Blood (EDTA),Automated Hematology Analyzer,2,t,f,,,2026-04-28 03:47:26.953172+00,2026-04-28 03:47:26.953172+00,,
17,7b7f2e92-a0d2-4f4c-8823-d2670f061186,a37ea8f8-8474-45f5-a102-2abcdf5ab54e,d5ac6269-d8cf-4821-ac8b-a6341e68987b,RBC,Hồng cầu,Red Blood Cell,,x10^12/L,4.2 - 5.9,4.2,5.9,Whole Blood (EDTA),Automated Hematology Analyzer,2,t,f,,,2026-04-28 03:47:26.953172+00,2026-04-28 03:47:26.953172+00,,
18,adbf92d2-0149-47d1-bb90-4d5175f0b948,cc0de87b-4624-4f68-b9ba-1bac6649d799,d5ac6269-d8cf-4821-ac8b-a6341e68987b,RBC,Hồng cầu,Red Blood Cell,,x10^12/L,4.2 - 5.9,4.2,5.9,Whole Blood (EDTA),Automated Hematology Analyzer,2,t,f,,,2026-04-28 03:47:26.953172+00,2026-04-28 03:47:26.953172+00,,
19,fc996e3b-14bd-4ce3-8fbe-af796646ac71,c7851582-f458-4fe7-9364-03f27fa13608,d5ac6269-d8cf-4821-ac8b-a6341e68987b,RBC,Hồng cầu,Red Blood Cell,,x10^12/L,4.2 - 5.9,4.2,5.9,Whole Blood (EDTA),Automated Hematology Analyzer,2,t,f,,,2026-04-28 03:47:26.953172+00,2026-04-28 03:47:26.953172+00,,
20,ff3faa74-2163-4fde-a07b-a3d47b38e588,7a9d47bf-ad62-4385-873e-8a54fa24afbe,d5ac6269-d8cf-4821-ac8b-a6341e68987b,RBC,Hồng cầu,Red Blood Cell,,x10^12/L,4.2 - 5.9,4.2,5.9,Whole Blood (EDTA),Automated Hematology Analyzer,2,t,f,,,2026-04-28 03:47:26.953172+00,2026-04-28 03:47:26.953172+00,,
21,d4d3ccbe-877a-4300-9596-0539b62e3615,89af7bcd-3a9e-4e81-a7d5-b944888b95cb,d5ac6269-d8cf-4821-ac8b-a6341e68987b,RBC,Hồng cầu,Red Blood Cell,,x10^12/L,4.2 - 5.9,4.2,5.9,Whole Blood (EDTA),Automated Hematology Analyzer,2,t,f,,,2026-04-28 03:47:26.953172+00,2026-04-28 03:47:26.953172+00,,
22,7f734ff4-5111-4317-b8ac-ad053d07f51b,533b31d7-0a32-461e-96b5-432560ed13f5,d5ac6269-d8cf-4821-ac8b-a6341e68987b,HGB,Hemoglobin,Hemoglobin,,g/dL,12.0 - 17.0,12.0,17.0,Whole Blood (EDTA),Automated Hematology Analyzer,3,t,f,,,2026-04-28 03:47:26.953172+00,2026-04-28 03:47:26.953172+00,,
23,f039f2e0-d426-450b-9b38-93be91fb2162,4e7e1a3f-9190-4d7e-8949-3305585bcc49,d5ac6269-d8cf-4821-ac8b-a6341e68987b,HGB,Hemoglobin,Hemoglobin,,g/dL,12.0 - 17.0,12.0,17.0,Whole Blood (EDTA),Automated Hematology Analyzer,3,t,f,,,2026-04-28 03:47:26.953172+00,2026-04-28 03:47:26.953172+00,,
24,41c25b50-13d4-4b96-bbb5-84b53c00294a,0d5f916d-7b86-42a8-8108-f632c7078cff,d5ac6269-d8cf-4821-ac8b-a6341e68987b,HGB,Hemoglobin,Hemoglobin,,g/dL,12.0 - 17.0,12.0,17.0,Whole Blood (EDTA),Automated Hematology Analyzer,3,t,f,,,2026-04-28 03:47:26.953172+00,2026-04-28 03:47:26.953172+00,,
25,a78fa714-3d20-46c1-9550-c907f9401060,d0c2eb37-90c2-478f-91df-3428c6f735bc,d5ac6269-d8cf-4821-ac8b-a6341e68987b,HGB,Hemoglobin,Hemoglobin,,g/dL,12.0 - 17.0,12.0,17.0,Whole Blood (EDTA),Automated Hematology Analyzer,3,t,f,,,2026-04-28 03:47:26.953172+00,2026-04-28 03:47:26.953172+00,,
26,485f7ba1-e423-4cca-9d7c-dfa2d30fb9f5,f0e8dbb1-c16a-4787-9832-737d23559cdd,d5ac6269-d8cf-4821-ac8b-a6341e68987b,HGB,Hemoglobin,Hemoglobin,,g/dL,12.0 - 17.0,12.0,17.0,Whole Blood (EDTA),Automated Hematology Analyzer,3,t,f,,,2026-04-28 03:47:26.953172+00,2026-04-28 03:47:26.953172+00,,
27,7f32187f-b4ae-4c05-a497-7d55f3fec7e9,a37ea8f8-8474-45f5-a102-2abcdf5ab54e,d5ac6269-d8cf-4821-ac8b-a6341e68987b,HGB,Hemoglobin,Hemoglobin,,g/dL,12.0 - 17.0,12.0,17.0,Whole Blood (EDTA),Automated Hematology Analyzer,3,t,f,,,2026-04-28 03:47:26.953172+00,2026-04-28 03:47:26.953172+00,,
28,1d372e59-db6b-4369-b2f0-306a6acbce24,cc0de87b-4624-4f68-b9ba-1bac6649d799,d5ac6269-d8cf-4821-ac8b-a6341e68987b,HGB,Hemoglobin,Hemoglobin,,g/dL,12.0 - 17.0,12.0,17.0,Whole Blood (EDTA),Automated Hematology Analyzer,3,t,f,,,2026-04-28 03:47:26.953172+00,2026-04-28 03:47:26.953172+00,,
29,87642c4c-23be-4b26-8d1e-2199ef9c4fc1,c7851582-f458-4fe7-9364-03f27fa13608,d5ac6269-d8cf-4821-ac8b-a6341e68987b,HGB,Hemoglobin,Hemoglobin,,g/dL,12.0 - 17.0,12.0,17.0,Whole Blood (EDTA),Automated Hematology Analyzer,3,t,f,,,2026-04-28 03:47:26.953172+00,2026-04-28 03:47:26.953172+00,,
30,a5af8c27-770e-416d-955e-56c6edfe1c63,7a9d47bf-ad62-4385-873e-8a54fa24afbe,d5ac6269-d8cf-4821-ac8b-a6341e68987b,HGB,Hemoglobin,Hemoglobin,,g/dL,12.0 - 17.0,12.0,17.0,Whole Blood (EDTA),Automated Hematology Analyzer,3,t,f,,,2026-04-28 03:47:26.953172+00,2026-04-28 03:47:26.953172+00,,
31,91768824-580c-4e48-82a8-89a2ffc761eb,89af7bcd-3a9e-4e81-a7d5-b944888b95cb,d5ac6269-d8cf-4821-ac8b-a6341e68987b,HGB,Hemoglobin,Hemoglobin,,g/dL,12.0 - 17.0,12.0,17.0,Whole Blood (EDTA),Automated Hematology Analyzer,3,t,f,,,2026-04-28 03:47:26.953172+00,2026-04-28 03:47:26.953172+00,,
32,2651fa6e-c597-455b-93c2-9a01812b0868,533b31d7-0a32-461e-96b5-432560ed13f5,d5ac6269-d8cf-4821-ac8b-a6341e68987b,HCT,Hematocrit,Hematocrit,,%,36 - 50,36.0,50.0,Whole Blood (EDTA),Automated Hematology Analyzer,4,t,f,,,2026-04-28 03:47:26.953172+00,2026-04-28 03:47:26.953172+00,,
33,f51296dd-a284-4134-877c-83099712a0fe,4e7e1a3f-9190-4d7e-8949-3305585bcc49,d5ac6269-d8cf-4821-ac8b-a6341e68987b,HCT,Hematocrit,Hematocrit,,%,36 - 50,36.0,50.0,Whole Blood (EDTA),Automated Hematology Analyzer,4,t,f,,,2026-04-28 03:47:26.953172+00,2026-04-28 03:47:26.953172+00,,
34,32e25d30-0a1f-4fce-a7c9-5eeb48c39bea,0d5f916d-7b86-42a8-8108-f632c7078cff,d5ac6269-d8cf-4821-ac8b-a6341e68987b,HCT,Hematocrit,Hematocrit,,%,36 - 50,36.0,50.0,Whole Blood (EDTA),Automated Hematology Analyzer,4,t,f,,,2026-04-28 03:47:26.953172+00,2026-04-28 03:47:26.953172+00,,
35,70cb9e6f-4da7-4c45-b02d-196d6878b6a4,d0c2eb37-90c2-478f-91df-3428c6f735bc,d5ac6269-d8cf-4821-ac8b-a6341e68987b,HCT,Hematocrit,Hematocrit,,%,36 - 50,36.0,50.0,Whole Blood (EDTA),Automated Hematology Analyzer,4,t,f,,,2026-04-28 03:47:26.953172+00,2026-04-28 03:47:26.953172+00,,
36,1e2a32b6-097c-41dc-a89e-bc5f09cd66b5,f0e8dbb1-c16a-4787-9832-737d23559cdd,d5ac6269-d8cf-4821-ac8b-a6341e68987b,HCT,Hematocrit,Hematocrit,,%,36 - 50,36.0,50.0,Whole Blood (EDTA),Automated Hematology Analyzer,4,t,f,,,2026-04-28 03:47:26.953172+00,2026-04-28 03:47:26.953172+00,,
37,2e160f1b-7ce9-4a95-b538-2499bbd8a9e7,a37ea8f8-8474-45f5-a102-2abcdf5ab54e,d5ac6269-d8cf-4821-ac8b-a6341e68987b,HCT,Hematocrit,Hematocrit,,%,36 - 50,36.0,50.0,Whole Blood (EDTA),Automated Hematology Analyzer,4,t,f,,,2026-04-28 03:47:26.953172+00,2026-04-28 03:47:26.953172+00,,
38,4694a1f4-0d49-4393-9301-2b12287567de,cc0de87b-4624-4f68-b9ba-1bac6649d799,d5ac6269-d8cf-4821-ac8b-a6341e68987b,HCT,Hematocrit,Hematocrit,,%,36 - 50,36.0,50.0,Whole Blood (EDTA),Automated Hematology Analyzer,4,t,f,,,2026-04-28 03:47:26.953172+00,2026-04-28 03:47:26.953172+00,,
39,a53abcc9-b207-41e5-8f5b-cf047fc0d176,c7851582-f458-4fe7-9364-03f27fa13608,d5ac6269-d8cf-4821-ac8b-a6341e68987b,HCT,Hematocrit,Hematocrit,,%,36 - 50,36.0,50.0,Whole Blood (EDTA),Automated Hematology Analyzer,4,t,f,,,2026-04-28 03:47:26.953172+00,2026-04-28 03:47:26.953172+00,,
40,d9627b83-a597-4338-9dbe-9394bc9764cb,7a9d47bf-ad62-4385-873e-8a54fa24afbe,d5ac6269-d8cf-4821-ac8b-a6341e68987b,HCT,Hematocrit,Hematocrit,,%,36 - 50,36.0,50.0,Whole Blood (EDTA),Automated Hematology Analyzer,4,t,f,,,2026-04-28 03:47:26.953172+00,2026-04-28 03:47:26.953172+00,,
41,1a62680c-b3e5-40bd-9200-e804ff823e03,89af7bcd-3a9e-4e81-a7d5-b944888b95cb,d5ac6269-d8cf-4821-ac8b-a6341e68987b,HCT,Hematocrit,Hematocrit,,%,36 - 50,36.0,50.0,Whole Blood (EDTA),Automated Hematology Analyzer,4,t,f,,,2026-04-28 03:47:26.953172+00,2026-04-28 03:47:26.953172+00,,
42,e83c9934-57d0-4ada-ada0-423270b1766f,533b31d7-0a32-461e-96b5-432560ed13f5,d5ac6269-d8cf-4821-ac8b-a6341e68987b,MCV,Thể tích TB hồng cầu,Mean Corpuscular Volume,,fL,80 - 100,80.0,100.0,Whole Blood (EDTA),Automated Hematology Analyzer,5,t,f,,,2026-04-28 03:47:26.953172+00,2026-04-28 03:47:26.953172+00,,
43,3f274cc2-414c-4cd8-9a57-d7b7aabff898,4e7e1a3f-9190-4d7e-8949-3305585bcc49,d5ac6269-d8cf-4821-ac8b-a6341e68987b,MCV,Thể tích TB hồng cầu,Mean Corpuscular Volume,,fL,80 - 100,80.0,100.0,Whole Blood (EDTA),Automated Hematology Analyzer,5,t,f,,,2026-04-28 03:47:26.953172+00,2026-04-28 03:47:26.953172+00,,
44,75c1d8fd-3ef4-4d89-a84f-d46135e7def4,0d5f916d-7b86-42a8-8108-f632c7078cff,d5ac6269-d8cf-4821-ac8b-a6341e68987b,MCV,Thể tích TB hồng cầu,Mean Corpuscular Volume,,fL,80 - 100,80.0,100.0,Whole Blood (EDTA),Automated Hematology Analyzer,5,t,f,,,2026-04-28 03:47:26.953172+00,2026-04-28 03:47:26.953172+00,,
45,dcfd8e68-02c5-4544-8cc1-38f5cb17bf07,d0c2eb37-90c2-478f-91df-3428c6f735bc,d5ac6269-d8cf-4821-ac8b-a6341e68987b,MCV,Thể tích TB hồng cầu,Mean Corpuscular Volume,,fL,80 - 100,80.0,100.0,Whole Blood (EDTA),Automated Hematology Analyzer,5,t,f,,,2026-04-28 03:47:26.953172+00,2026-04-28 03:47:26.953172+00,,
46,dc653cd9-2583-405c-b630-b2e3fb2af756,f0e8dbb1-c16a-4787-9832-737d23559cdd,d5ac6269-d8cf-4821-ac8b-a6341e68987b,MCV,Thể tích TB hồng cầu,Mean Corpuscular Volume,,fL,80 - 100,80.0,100.0,Whole Blood (EDTA),Automated Hematology Analyzer,5,t,f,,,2026-04-28 03:47:26.953172+00,2026-04-28 03:47:26.953172+00,,
47,b37aeb06-65ac-4efe-bfcc-2b5b76935ce0,a37ea8f8-8474-45f5-a102-2abcdf5ab54e,d5ac6269-d8cf-4821-ac8b-a6341e68987b,MCV,Thể tích TB hồng cầu,Mean Corpuscular Volume,,fL,80 - 100,80.0,100.0,Whole Blood (EDTA),Automated Hematology Analyzer,5,t,f,,,2026-04-28 03:47:26.953172+00,2026-04-28 03:47:26.953172+00,,
48,55c28a55-afb1-444f-b5a3-ff866e0cd84f,cc0de87b-4624-4f68-b9ba-1bac6649d799,d5ac6269-d8cf-4821-ac8b-a6341e68987b,MCV,Thể tích TB hồng cầu,Mean Corpuscular Volume,,fL,80 - 100,80.0,100.0,Whole Blood (EDTA),Automated Hematology Analyzer,5,t,f,,,2026-04-28 03:47:26.953172+00,2026-04-28 03:47:26.953172+00,,
49,604be9be-1785-4d22-abcb-78133904ac28,c7851582-f458-4fe7-9364-03f27fa13608,d5ac6269-d8cf-4821-ac8b-a6341e68987b,MCV,Thể tích TB hồng cầu,Mean Corpuscular Volume,,fL,80 - 100,80.0,100.0,Whole Blood (EDTA),Automated Hematology Analyzer,5,t,f,,,2026-04-28 03:47:26.953172+00,2026-04-28 03:47:26.953172+00,,
50,a4ba414a-2d18-4da2-a995-035145711b88,7a9d47bf-ad62-4385-873e-8a54fa24afbe,d5ac6269-d8cf-4821-ac8b-a6341e68987b,MCV,Thể tích TB hồng cầu,Mean Corpuscular Volume,,fL,80 - 100,80.0,100.0,Whole Blood (EDTA),Automated Hematology Analyzer,5,t,f,,,2026-04-28 03:47:26.953172+00,2026-04-28 03:47:26.953172+00,,
51,7ef36e8a-4e1b-463e-9a44-c5881be1c5c9,89af7bcd-3a9e-4e81-a7d5-b944888b95cb,d5ac6269-d8cf-4821-ac8b-a6341e68987b,MCV,Thể tích TB hồng cầu,Mean Corpuscular Volume,,fL,80 - 100,80.0,100.0,Whole Blood (EDTA),Automated Hematology Analyzer,5,t,f,,,2026-04-28 03:47:26.953172+00,2026-04-28 03:47:26.953172+00,,
52,7bb764d5-73b3-4326-b71c-b82262bbd152,533b31d7-0a32-461e-96b5-432560ed13f5,d5ac6269-d8cf-4821-ac8b-a6341e68987b,MCH,Hemoglobin TB hồng cầu,Mean Corp. Hemoglobin,,pg,27 - 33,27.0,33.0,Whole Blood (EDTA),Automated Hematology Analyzer,6,t,f,,,2026-04-28 03:47:26.953172+00,2026-04-28 03:47:26.953172+00,,
53,8d99f5be-2500-4ac3-96c3-25cbd9955d53,4e7e1a3f-9190-4d7e-8949-3305585bcc49,d5ac6269-d8cf-4821-ac8b-a6341e68987b,MCH,Hemoglobin TB hồng cầu,Mean Corp. Hemoglobin,,pg,27 - 33,27.0,33.0,Whole Blood (EDTA),Automated Hematology Analyzer,6,t,f,,,2026-04-28 03:47:26.953172+00,2026-04-28 03:47:26.953172+00,,
54,45e07ac2-98e0-4ae7-b0ce-49d8c787c783,0d5f916d-7b86-42a8-8108-f632c7078cff,d5ac6269-d8cf-4821-ac8b-a6341e68987b,MCH,Hemoglobin TB hồng cầu,Mean Corp. Hemoglobin,,pg,27 - 33,27.0,33.0,Whole Blood (EDTA),Automated Hematology Analyzer,6,t,f,,,2026-04-28 03:47:26.953172+00,2026-04-28 03:47:26.953172+00,,
55,5adc9f24-5a94-4121-b834-f4c176da8650,d0c2eb37-90c2-478f-91df-3428c6f735bc,d5ac6269-d8cf-4821-ac8b-a6341e68987b,MCH,Hemoglobin TB hồng cầu,Mean Corp. Hemoglobin,,pg,27 - 33,27.0,33.0,Whole Blood (EDTA),Automated Hematology Analyzer,6,t,f,,,2026-04-28 03:47:26.953172+00,2026-04-28 03:47:26.953172+00,,
56,6c3c406d-c8cb-4ee3-97ea-a77af09bb643,f0e8dbb1-c16a-4787-9832-737d23559cdd,d5ac6269-d8cf-4821-ac8b-a6341e68987b,MCH,Hemoglobin TB hồng cầu,Mean Corp. Hemoglobin,,pg,27 - 33,27.0,33.0,Whole Blood (EDTA),Automated Hematology Analyzer,6,t,f,,,2026-04-28 03:47:26.953172+00,2026-04-28 03:47:26.953172+00,,
57,719c2a8a-3ec9-4ca4-8ebc-5f0d211ddaad,a37ea8f8-8474-45f5-a102-2abcdf5ab54e,d5ac6269-d8cf-4821-ac8b-a6341e68987b,MCH,Hemoglobin TB hồng cầu,Mean Corp. Hemoglobin,,pg,27 - 33,27.0,33.0,Whole Blood (EDTA),Automated Hematology Analyzer,6,t,f,,,2026-04-28 03:47:26.953172+00,2026-04-28 03:47:26.953172+00,,
58,b50ad473-68c6-43e1-84f6-61199acd35e7,cc0de87b-4624-4f68-b9ba-1bac6649d799,d5ac6269-d8cf-4821-ac8b-a6341e68987b,MCH,Hemoglobin TB hồng cầu,Mean Corp. Hemoglobin,,pg,27 - 33,27.0,33.0,Whole Blood (EDTA),Automated Hematology Analyzer,6,t,f,,,2026-04-28 03:47:26.953172+00,2026-04-28 03:47:26.953172+00,,
59,596bd582-2db5-48ad-910c-5e1be43d3b50,c7851582-f458-4fe7-9364-03f27fa13608,d5ac6269-d8cf-4821-ac8b-a6341e68987b,MCH,Hemoglobin TB hồng cầu,Mean Corp. Hemoglobin,,pg,27 - 33,27.0,33.0,Whole Blood (EDTA),Automated Hematology Analyzer,6,t,f,,,2026-04-28 03:47:26.953172+00,2026-04-28 03:47:26.953172+00,,
60,c1458f13-16dd-4705-95e9-6205a2153696,7a9d47bf-ad62-4385-873e-8a54fa24afbe,d5ac6269-d8cf-4821-ac8b-a6341e68987b,MCH,Hemoglobin TB hồng cầu,Mean Corp. Hemoglobin,,pg,27 - 33,27.0,33.0,Whole Blood (EDTA),Automated Hematology Analyzer,6,t,f,,,2026-04-28 03:47:26.953172+00,2026-04-28 03:47:26.953172+00,,
61,8d728fa5-a466-41c4-84f6-02a072ec18eb,89af7bcd-3a9e-4e81-a7d5-b944888b95cb,d5ac6269-d8cf-4821-ac8b-a6341e68987b,MCH,Hemoglobin TB hồng cầu,Mean Corp. Hemoglobin,,pg,27 - 33,27.0,33.0,Whole Blood (EDTA),Automated Hematology Analyzer,6,t,f,,,2026-04-28 03:47:26.953172+00,2026-04-28 03:47:26.953172+00,,
62,889618aa-1f81-44b5-911f-87b972826bd1,533b31d7-0a32-461e-96b5-432560ed13f5,d5ac6269-d8cf-4821-ac8b-a6341e68987b,MCHC,Nồng độ Hb TB,MCHC,,g/dL,32 - 36,32.0,36.0,Whole Blood (EDTA),Automated Hematology Analyzer,7,t,f,,,2026-04-28 03:47:26.953172+00,2026-04-28 03:47:26.953172+00,,
63,e9c8b498-1620-43fd-b338-ef694dcd970b,4e7e1a3f-9190-4d7e-8949-3305585bcc49,d5ac6269-d8cf-4821-ac8b-a6341e68987b,MCHC,Nồng độ Hb TB,MCHC,,g/dL,32 - 36,32.0,36.0,Whole Blood (EDTA),Automated Hematology Analyzer,7,t,f,,,2026-04-28 03:47:26.953172+00,2026-04-28 03:47:26.953172+00,,
64,b27821d8-934f-4289-adb3-afa893669310,0d5f916d-7b86-42a8-8108-f632c7078cff,d5ac6269-d8cf-4821-ac8b-a6341e68987b,MCHC,Nồng độ Hb TB,MCHC,,g/dL,32 - 36,32.0,36.0,Whole Blood (EDTA),Automated Hematology Analyzer,7,t,f,,,2026-04-28 03:47:26.953172+00,2026-04-28 03:47:26.953172+00,,
65,b5fd96cc-c52b-4b18-ade7-61f018ffe0c4,d0c2eb37-90c2-478f-91df-3428c6f735bc,d5ac6269-d8cf-4821-ac8b-a6341e68987b,MCHC,Nồng độ Hb TB,MCHC,,g/dL,32 - 36,32.0,36.0,Whole Blood (EDTA),Automated Hematology Analyzer,7,t,f,,,2026-04-28 03:47:26.953172+00,2026-04-28 03:47:26.953172+00,,
66,f96322d2-17ee-4d10-beac-6c58cd184c73,f0e8dbb1-c16a-4787-9832-737d23559cdd,d5ac6269-d8cf-4821-ac8b-a6341e68987b,MCHC,Nồng độ Hb TB,MCHC,,g/dL,32 - 36,32.0,36.0,Whole Blood (EDTA),Automated Hematology Analyzer,7,t,f,,,2026-04-28 03:47:26.953172+00,2026-04-28 03:47:26.953172+00,,
67,49fb3b6d-fce6-4393-bc39-56e79655a47e,a37ea8f8-8474-45f5-a102-2abcdf5ab54e,d5ac6269-d8cf-4821-ac8b-a6341e68987b,MCHC,Nồng độ Hb TB,MCHC,,g/dL,32 - 36,32.0,36.0,Whole Blood (EDTA),Automated Hematology Analyzer,7,t,f,,,2026-04-28 03:47:26.953172+00,2026-04-28 03:47:26.953172+00,,
68,9c197370-db45-442b-bffe-0d5e01f157c5,cc0de87b-4624-4f68-b9ba-1bac6649d799,d5ac6269-d8cf-4821-ac8b-a6341e68987b,MCHC,Nồng độ Hb TB,MCHC,,g/dL,32 - 36,32.0,36.0,Whole Blood (EDTA),Automated Hematology Analyzer,7,t,f,,,2026-04-28 03:47:26.953172+00,2026-04-28 03:47:26.953172+00,,
69,7927860f-b646-4aeb-856a-de54c638e1d6,c7851582-f458-4fe7-9364-03f27fa13608,d5ac6269-d8cf-4821-ac8b-a6341e68987b,MCHC,Nồng độ Hb TB,MCHC,,g/dL,32 - 36,32.0,36.0,Whole Blood (EDTA),Automated Hematology Analyzer,7,t,f,,,2026-04-28 03:47:26.953172+00,2026-04-28 03:47:26.953172+00,,
70,ef0de48a-eb8e-4f21-a665-97634c9270e8,7a9d47bf-ad62-4385-873e-8a54fa24afbe,d5ac6269-d8cf-4821-ac8b-a6341e68987b,MCHC,Nồng độ Hb TB,MCHC,,g/dL,32 - 36,32.0,36.0,Whole Blood (EDTA),Automated Hematology Analyzer,7,t,f,,,2026-04-28 03:47:26.953172+00,2026-04-28 03:47:26.953172+00,,
71,522aadc7-7b5b-43db-a96b-fb62fb6f0671,89af7bcd-3a9e-4e81-a7d5-b944888b95cb,d5ac6269-d8cf-4821-ac8b-a6341e68987b,MCHC,Nồng độ Hb TB,MCHC,,g/dL,32 - 36,32.0,36.0,Whole Blood (EDTA),Automated Hematology Analyzer,7,t,f,,,2026-04-28 03:47:26.953172+00,2026-04-28 03:47:26.953172+00,,
72,2016ba7f-017c-4ff5-868f-98bca61f92f9,533b31d7-0a32-461e-96b5-432560ed13f5,d5ac6269-d8cf-4821-ac8b-a6341e68987b,PLT,Tiểu cầu,Platelet,,x10^9/L,150 - 400,150.0,400.0,Whole Blood (EDTA),Automated Hematology Analyzer,8,t,f,,,2026-04-28 03:47:26.953172+00,2026-04-28 03:47:26.953172+00,,
73,12ce7100-492a-4c64-a807-6c75039d848f,4e7e1a3f-9190-4d7e-8949-3305585bcc49,d5ac6269-d8cf-4821-ac8b-a6341e68987b,PLT,Tiểu cầu,Platelet,,x10^9/L,150 - 400,150.0,400.0,Whole Blood (EDTA),Automated Hematology Analyzer,8,t,f,,,2026-04-28 03:47:26.953172+00,2026-04-28 03:47:26.953172+00,,
74,6936f226-8015-4ea4-8cf8-878add570142,0d5f916d-7b86-42a8-8108-f632c7078cff,d5ac6269-d8cf-4821-ac8b-a6341e68987b,PLT,Tiểu cầu,Platelet,,x10^9/L,150 - 400,150.0,400.0,Whole Blood (EDTA),Automated Hematology Analyzer,8,t,f,,,2026-04-28 03:47:26.953172+00,2026-04-28 03:47:26.953172+00,,
75,5e539dfb-0659-467c-8999-f0d416e0c6be,d0c2eb37-90c2-478f-91df-3428c6f735bc,d5ac6269-d8cf-4821-ac8b-a6341e68987b,PLT,Tiểu cầu,Platelet,,x10^9/L,150 - 400,150.0,400.0,Whole Blood (EDTA),Automated Hematology Analyzer,8,t,f,,,2026-04-28 03:47:26.953172+00,2026-04-28 03:47:26.953172+00,,
76,8356f5e4-e583-463f-a5f8-34a8770c64a1,f0e8dbb1-c16a-4787-9832-737d23559cdd,d5ac6269-d8cf-4821-ac8b-a6341e68987b,PLT,Tiểu cầu,Platelet,,x10^9/L,150 - 400,150.0,400.0,Whole Blood (EDTA),Automated Hematology Analyzer,8,t,f,,,2026-04-28 03:47:26.953172+00,2026-04-28 03:47:26.953172+00,,
77,529a1953-841e-4353-b19d-0d71c23aafb6,a37ea8f8-8474-45f5-a102-2abcdf5ab54e,d5ac6269-d8cf-4821-ac8b-a6341e68987b,PLT,Tiểu cầu,Platelet,,x10^9/L,150 - 400,150.0,400.0,Whole Blood (EDTA),Automated Hematology Analyzer,8,t,f,,,2026-04-28 03:47:26.953172+00,2026-04-28 03:47:26.953172+00,,
78,f3dbcbf1-3f0b-4a4b-bbdc-ec3011e0390f,cc0de87b-4624-4f68-b9ba-1bac6649d799,d5ac6269-d8cf-4821-ac8b-a6341e68987b,PLT,Tiểu cầu,Platelet,,x10^9/L,150 - 400,150.0,400.0,Whole Blood (EDTA),Automated Hematology Analyzer,8,t,f,,,2026-04-28 03:47:26.953172+00,2026-04-28 03:47:26.953172+00,,
79,43c2c1d7-5c0a-4f7b-923d-1fd5019af529,c7851582-f458-4fe7-9364-03f27fa13608,d5ac6269-d8cf-4821-ac8b-a6341e68987b,PLT,Tiểu cầu,Platelet,,x10^9/L,150 - 400,150.0,400.0,Whole Blood (EDTA),Automated Hematology Analyzer,8,t,f,,,2026-04-28 03:47:26.953172+00,2026-04-28 03:47:26.953172+00,,
80,61a106ea-8da1-47d6-9b0f-ff5c6cde08b0,7a9d47bf-ad62-4385-873e-8a54fa24afbe,d5ac6269-d8cf-4821-ac8b-a6341e68987b,PLT,Tiểu cầu,Platelet,,x10^9/L,150 - 400,150.0,400.0,Whole Blood (EDTA),Automated Hematology Analyzer,8,t,f,,,2026-04-28 03:47:26.953172+00,2026-04-28 03:47:26.953172+00,,
81,9d78fd2e-45e7-49a5-ad77-bf79b0af52b9,89af7bcd-3a9e-4e81-a7d5-b944888b95cb,d5ac6269-d8cf-4821-ac8b-a6341e68987b,PLT,Tiểu cầu,Platelet,,x10^9/L,150 - 400,150.0,400.0,Whole Blood (EDTA),Automated Hematology Analyzer,8,t,f,,,2026-04-28 03:47:26.953172+00,2026-04-28 03:47:26.953172+00,,
82,acf89dcb-81dd-46b7-a4bd-33efe7df580a,533b31d7-0a32-461e-96b5-432560ed13f5,d5ac6269-d8cf-4821-ac8b-a6341e68987b,NEUT,Bạch cầu trung tính,Neutrophils,,%,40 - 75,40.0,75.0,Whole Blood (EDTA),Automated Hematology Analyzer,9,t,f,,,2026-04-28 03:47:26.953172+00,2026-04-28 03:47:26.953172+00,,
83,fa48f742-83a0-436b-8f1a-bd9fbedc578f,4e7e1a3f-9190-4d7e-8949-3305585bcc49,d5ac6269-d8cf-4821-ac8b-a6341e68987b,NEUT,Bạch cầu trung tính,Neutrophils,,%,40 - 75,40.0,75.0,Whole Blood (EDTA),Automated Hematology Analyzer,9,t,f,,,2026-04-28 03:47:26.953172+00,2026-04-28 03:47:26.953172+00,,
84,f7ba6335-9705-432e-b403-bf467731bade,0d5f916d-7b86-42a8-8108-f632c7078cff,d5ac6269-d8cf-4821-ac8b-a6341e68987b,NEUT,Bạch cầu trung tính,Neutrophils,,%,40 - 75,40.0,75.0,Whole Blood (EDTA),Automated Hematology Analyzer,9,t,f,,,2026-04-28 03:47:26.953172+00,2026-04-28 03:47:26.953172+00,,
85,984d2e1a-fae5-47c9-ab40-a3325bd89f49,d0c2eb37-90c2-478f-91df-3428c6f735bc,d5ac6269-d8cf-4821-ac8b-a6341e68987b,NEUT,Bạch cầu trung tính,Neutrophils,,%,40 - 75,40.0,75.0,Whole Blood (EDTA),Automated Hematology Analyzer,9,t,f,,,2026-04-28 03:47:26.953172+00,2026-04-28 03:47:26.953172+00,,
86,3ab038c2-e2e4-47ad-9db1-4f066b001141,f0e8dbb1-c16a-4787-9832-737d23559cdd,d5ac6269-d8cf-4821-ac8b-a6341e68987b,NEUT,Bạch cầu trung tính,Neutrophils,,%,40 - 75,40.0,75.0,Whole Blood (EDTA),Automated Hematology Analyzer,9,t,f,,,2026-04-28 03:47:26.953172+00,2026-04-28 03:47:26.953172+00,,
87,00a10030-c3a4-4bc4-aa1a-e952373ddd72,a37ea8f8-8474-45f5-a102-2abcdf5ab54e,d5ac6269-d8cf-4821-ac8b-a6341e68987b,NEUT,Bạch cầu trung tính,Neutrophils,,%,40 - 75,40.0,75.0,Whole Blood (EDTA),Automated Hematology Analyzer,9,t,f,,,2026-04-28 03:47:26.953172+00,2026-04-28 03:47:26.953172+00,,
88,bc375c60-3ee9-43ff-9182-10942db1688c,cc0de87b-4624-4f68-b9ba-1bac6649d799,d5ac6269-d8cf-4821-ac8b-a6341e68987b,NEUT,Bạch cầu trung tính,Neutrophils,,%,40 - 75,40.0,75.0,Whole Blood (EDTA),Automated Hematology Analyzer,9,t,f,,,2026-04-28 03:47:26.953172+00,2026-04-28 03:47:26.953172+00,,
89,e1ef57bd-020a-4ab7-9322-2b1b8bbe1dba,c7851582-f458-4fe7-9364-03f27fa13608,d5ac6269-d8cf-4821-ac8b-a6341e68987b,NEUT,Bạch cầu trung tính,Neutrophils,,%,40 - 75,40.0,75.0,Whole Blood (EDTA),Automated Hematology Analyzer,9,t,f,,,2026-04-28 03:47:26.953172+00,2026-04-28 03:47:26.953172+00,,
90,1a226c00-1d5d-4fe5-8ce5-b1171f6cf547,7a9d47bf-ad62-4385-873e-8a54fa24afbe,d5ac6269-d8cf-4821-ac8b-a6341e68987b,NEUT,Bạch cầu trung tính,Neutrophils,,%,40 - 75,40.0,75.0,Whole Blood (EDTA),Automated Hematology Analyzer,9,t,f,,,2026-04-28 03:47:26.953172+00,2026-04-28 03:47:26.953172+00,,
91,2a7f1ca4-4b84-47fa-8256-d0b315c43989,89af7bcd-3a9e-4e81-a7d5-b944888b95cb,d5ac6269-d8cf-4821-ac8b-a6341e68987b,NEUT,Bạch cầu trung tính,Neutrophils,,%,40 - 75,40.0,75.0,Whole Blood (EDTA),Automated Hematology Analyzer,9,t,f,,,2026-04-28 03:47:26.953172+00,2026-04-28 03:47:26.953172+00,,
92,700a712c-2054-4dfe-b29e-6cf986c782fe,533b31d7-0a32-461e-96b5-432560ed13f5,d5ac6269-d8cf-4821-ac8b-a6341e68987b,LYMPH,Lympho,Lymphocytes,,%,20 - 45,20.0,45.0,Whole Blood (EDTA),Automated Hematology Analyzer,10,t,f,,,2026-04-28 03:47:26.953172+00,2026-04-28 03:47:26.953172+00,,
93,d27dfea1-af76-467e-b48b-a011b702f817,4e7e1a3f-9190-4d7e-8949-3305585bcc49,d5ac6269-d8cf-4821-ac8b-a6341e68987b,LYMPH,Lympho,Lymphocytes,,%,20 - 45,20.0,45.0,Whole Blood (EDTA),Automated Hematology Analyzer,10,t,f,,,2026-04-28 03:47:26.953172+00,2026-04-28 03:47:26.953172+00,,
94,2153bbda-fa50-4293-9379-460794f94681,0d5f916d-7b86-42a8-8108-f632c7078cff,d5ac6269-d8cf-4821-ac8b-a6341e68987b,LYMPH,Lympho,Lymphocytes,,%,20 - 45,20.0,45.0,Whole Blood (EDTA),Automated Hematology Analyzer,10,t,f,,,2026-04-28 03:47:26.953172+00,2026-04-28 03:47:26.953172+00,,
95,00cbae54-be75-43ea-b025-06360399273b,d0c2eb37-90c2-478f-91df-3428c6f735bc,d5ac6269-d8cf-4821-ac8b-a6341e68987b,LYMPH,Lympho,Lymphocytes,,%,20 - 45,20.0,45.0,Whole Blood (EDTA),Automated Hematology Analyzer,10,t,f,,,2026-04-28 03:47:26.953172+00,2026-04-28 03:47:26.953172+00,,
96,42184e45-1856-4b7b-a5e0-5e49671f4d15,f0e8dbb1-c16a-4787-9832-737d23559cdd,d5ac6269-d8cf-4821-ac8b-a6341e68987b,LYMPH,Lympho,Lymphocytes,,%,20 - 45,20.0,45.0,Whole Blood (EDTA),Automated Hematology Analyzer,10,t,f,,,2026-04-28 03:47:26.953172+00,2026-04-28 03:47:26.953172+00,,
97,44dcb251-0808-4239-bfe8-fd6a5af5c634,a37ea8f8-8474-45f5-a102-2abcdf5ab54e,d5ac6269-d8cf-4821-ac8b-a6341e68987b,LYMPH,Lympho,Lymphocytes,,%,20 - 45,20.0,45.0,Whole Blood (EDTA),Automated Hematology Analyzer,10,t,f,,,2026-04-28 03:47:26.953172+00,2026-04-28 03:47:26.953172+00,,
98,e1b6aebf-70d5-4913-ad40-06bf6b0c1f4b,cc0de87b-4624-4f68-b9ba-1bac6649d799,d5ac6269-d8cf-4821-ac8b-a6341e68987b,LYMPH,Lympho,Lymphocytes,,%,20 - 45,20.0,45.0,Whole Blood (EDTA),Automated Hematology Analyzer,10,t,f,,,2026-04-28 03:47:26.953172+00,2026-04-28 03:47:26.953172+00,,
99,22659902-8d3a-4de9-aa0f-15cebd02daac,c7851582-f458-4fe7-9364-03f27fa13608,d5ac6269-d8cf-4821-ac8b-a6341e68987b,LYMPH,Lympho,Lymphocytes,,%,20 - 45,20.0,45.0,Whole Blood (EDTA),Automated Hematology Analyzer,10,t,f,,,2026-04-28 03:47:26.953172+00,2026-04-28 03:47:26.953172+00,,
100,de13e6a5-afeb-41f5-bf1b-eff783033ecd,7a9d47bf-ad62-4385-873e-8a54fa24afbe,d5ac6269-d8cf-4821-ac8b-a6341e68987b,LYMPH,Lympho,Lymphocytes,,%,20 - 45,20.0,45.0,Whole Blood (EDTA),Automated Hematology Analyzer,10,t,f,,,2026-04-28 03:47:26.953172+00,2026-04-28 03:47:26.953172+00,,
101,9c0aab28-2f5d-465b-aa7a-bc687dc1e21b,89af7bcd-3a9e-4e81-a7d5-b944888b95cb,d5ac6269-d8cf-4821-ac8b-a6341e68987b,LYMPH,Lympho,Lymphocytes,,%,20 - 45,20.0,45.0,Whole Blood (EDTA),Automated Hematology Analyzer,10,t,f,,,2026-04-28 03:47:26.953172+00,2026-04-28 03:47:26.953172+00,,
102,4ae78a30-0946-4fec-8115-963fb0a46ec8,533b31d7-0a32-461e-96b5-432560ed13f5,d5ac6269-d8cf-4821-ac8b-a6341e68987b,MONO,Mono,Monocytes,,%,2 - 10,2.0,10.0,Whole Blood (EDTA),Automated Hematology Analyzer,11,t,f,,,2026-04-28 03:47:26.953172+00,2026-04-28 03:47:26.953172+00,,
103,a851f79c-3c3a-4b8c-97fb-a918aeccc81d,4e7e1a3f-9190-4d7e-8949-3305585bcc49,d5ac6269-d8cf-4821-ac8b-a6341e68987b,MONO,Mono,Monocytes,,%,2 - 10,2.0,10.0,Whole Blood (EDTA),Automated Hematology Analyzer,11,t,f,,,2026-04-28 03:47:26.953172+00,2026-04-28 03:47:26.953172+00,,
104,e9292d1f-7544-49bf-afa0-33f32e25a701,0d5f916d-7b86-42a8-8108-f632c7078cff,d5ac6269-d8cf-4821-ac8b-a6341e68987b,MONO,Mono,Monocytes,,%,2 - 10,2.0,10.0,Whole Blood (EDTA),Automated Hematology Analyzer,11,t,f,,,2026-04-28 03:47:26.953172+00,2026-04-28 03:47:26.953172+00,,
105,3da433fa-122b-4b6d-8860-38a981f3d795,d0c2eb37-90c2-478f-91df-3428c6f735bc,d5ac6269-d8cf-4821-ac8b-a6341e68987b,MONO,Mono,Monocytes,,%,2 - 10,2.0,10.0,Whole Blood (EDTA),Automated Hematology Analyzer,11,t,f,,,2026-04-28 03:47:26.953172+00,2026-04-28 03:47:26.953172+00,,
106,b69b4bf1-04e4-49f5-9b37-68db0d17c56c,f0e8dbb1-c16a-4787-9832-737d23559cdd,d5ac6269-d8cf-4821-ac8b-a6341e68987b,MONO,Mono,Monocytes,,%,2 - 10,2.0,10.0,Whole Blood (EDTA),Automated Hematology Analyzer,11,t,f,,,2026-04-28 03:47:26.953172+00,2026-04-28 03:47:26.953172+00,,
107,0e4e3a67-9c77-431f-8fbf-ece84ab09789,a37ea8f8-8474-45f5-a102-2abcdf5ab54e,d5ac6269-d8cf-4821-ac8b-a6341e68987b,MONO,Mono,Monocytes,,%,2 - 10,2.0,10.0,Whole Blood (EDTA),Automated Hematology Analyzer,11,t,f,,,2026-04-28 03:47:26.953172+00,2026-04-28 03:47:26.953172+00,,
108,3661737a-38e0-4dbe-a477-0e85e13fb05f,cc0de87b-4624-4f68-b9ba-1bac6649d799,d5ac6269-d8cf-4821-ac8b-a6341e68987b,MONO,Mono,Monocytes,,%,2 - 10,2.0,10.0,Whole Blood (EDTA),Automated Hematology Analyzer,11,t,f,,,2026-04-28 03:47:26.953172+00,2026-04-28 03:47:26.953172+00,,
109,371b13a8-d3c0-4c9e-bc1f-41e3c18880a3,c7851582-f458-4fe7-9364-03f27fa13608,d5ac6269-d8cf-4821-ac8b-a6341e68987b,MONO,Mono,Monocytes,,%,2 - 10,2.0,10.0,Whole Blood (EDTA),Automated Hematology Analyzer,11,t,f,,,2026-04-28 03:47:26.953172+00,2026-04-28 03:47:26.953172+00,,
110,9310d3ba-665d-4f10-983c-141f87eedfd4,7a9d47bf-ad62-4385-873e-8a54fa24afbe,d5ac6269-d8cf-4821-ac8b-a6341e68987b,MONO,Mono,Monocytes,,%,2 - 10,2.0,10.0,Whole Blood (EDTA),Automated Hematology Analyzer,11,t,f,,,2026-04-28 03:47:26.953172+00,2026-04-28 03:47:26.953172+00,,
111,e7f8cd80-958d-42b7-bb8e-29849d2da2e6,89af7bcd-3a9e-4e81-a7d5-b944888b95cb,d5ac6269-d8cf-4821-ac8b-a6341e68987b,MONO,Mono,Monocytes,,%,2 - 10,2.0,10.0,Whole Blood (EDTA),Automated Hematology Analyzer,11,t,f,,,2026-04-28 03:47:26.953172+00,2026-04-28 03:47:26.953172+00,,
112,b6835a59-323d-4db8-90e6-43cf8b8b7146,533b31d7-0a32-461e-96b5-432560ed13f5,d5ac6269-d8cf-4821-ac8b-a6341e68987b,EO,Bạch cầu ái toan,Eosinophils,,%,1 - 6,1.0,6.0,Whole Blood (EDTA),Automated Hematology Analyzer,12,t,f,,,2026-04-28 03:47:26.953172+00,2026-04-28 03:47:26.953172+00,,
113,ac82ca1b-d90e-4925-880a-17441a75611d,4e7e1a3f-9190-4d7e-8949-3305585bcc49,d5ac6269-d8cf-4821-ac8b-a6341e68987b,EO,Bạch cầu ái toan,Eosinophils,,%,1 - 6,1.0,6.0,Whole Blood (EDTA),Automated Hematology Analyzer,12,t,f,,,2026-04-28 03:47:26.953172+00,2026-04-28 03:47:26.953172+00,,
114,e63fa032-37ce-44bc-8c75-0e61bc4125ec,0d5f916d-7b86-42a8-8108-f632c7078cff,d5ac6269-d8cf-4821-ac8b-a6341e68987b,EO,Bạch cầu ái toan,Eosinophils,,%,1 - 6,1.0,6.0,Whole Blood (EDTA),Automated Hematology Analyzer,12,t,f,,,2026-04-28 03:47:26.953172+00,2026-04-28 03:47:26.953172+00,,
115,0106edc3-f018-4b46-9fef-f1ad001fe312,d0c2eb37-90c2-478f-91df-3428c6f735bc,d5ac6269-d8cf-4821-ac8b-a6341e68987b,EO,Bạch cầu ái toan,Eosinophils,,%,1 - 6,1.0,6.0,Whole Blood (EDTA),Automated Hematology Analyzer,12,t,f,,,2026-04-28 03:47:26.953172+00,2026-04-28 03:47:26.953172+00,,
116,571a0980-8578-45af-82c1-20fa95b0ffbd,f0e8dbb1-c16a-4787-9832-737d23559cdd,d5ac6269-d8cf-4821-ac8b-a6341e68987b,EO,Bạch cầu ái toan,Eosinophils,,%,1 - 6,1.0,6.0,Whole Blood (EDTA),Automated Hematology Analyzer,12,t,f,,,2026-04-28 03:47:26.953172+00,2026-04-28 03:47:26.953172+00,,
117,a65a3694-b60e-45f8-bb57-ac7795aff156,a37ea8f8-8474-45f5-a102-2abcdf5ab54e,d5ac6269-d8cf-4821-ac8b-a6341e68987b,EO,Bạch cầu ái toan,Eosinophils,,%,1 - 6,1.0,6.0,Whole Blood (EDTA),Automated Hematology Analyzer,12,t,f,,,2026-04-28 03:47:26.953172+00,2026-04-28 03:47:26.953172+00,,
118,1beaa7dc-5c5e-4de9-97a7-db4fbb1d70ec,cc0de87b-4624-4f68-b9ba-1bac6649d799,d5ac6269-d8cf-4821-ac8b-a6341e68987b,EO,Bạch cầu ái toan,Eosinophils,,%,1 - 6,1.0,6.0,Whole Blood (EDTA),Automated Hematology Analyzer,12,t,f,,,2026-04-28 03:47:26.953172+00,2026-04-28 03:47:26.953172+00,,
119,108b23a9-7569-49b4-b4ac-9b13396c9d30,c7851582-f458-4fe7-9364-03f27fa13608,d5ac6269-d8cf-4821-ac8b-a6341e68987b,EO,Bạch cầu ái toan,Eosinophils,,%,1 - 6,1.0,6.0,Whole Blood (EDTA),Automated Hematology Analyzer,12,t,f,,,2026-04-28 03:47:26.953172+00,2026-04-28 03:47:26.953172+00,,
120,bdf9cd52-ee0c-4fe4-914d-deb43067b9ff,7a9d47bf-ad62-4385-873e-8a54fa24afbe,d5ac6269-d8cf-4821-ac8b-a6341e68987b,EO,Bạch cầu ái toan,Eosinophils,,%,1 - 6,1.0,6.0,Whole Blood (EDTA),Automated Hematology Analyzer,12,t,f,,,2026-04-28 03:47:26.953172+00,2026-04-28 03:47:26.953172+00,,
121,5389e7ff-8378-4788-8df3-edd5fd2a3e4d,89af7bcd-3a9e-4e81-a7d5-b944888b95cb,d5ac6269-d8cf-4821-ac8b-a6341e68987b,EO,Bạch cầu ái toan,Eosinophils,,%,1 - 6,1.0,6.0,Whole Blood (EDTA),Automated Hematology Analyzer,12,t,f,,,2026-04-28 03:47:26.953172+00,2026-04-28 03:47:26.953172+00,,
122,22eea50c-0494-4ee2-b286-4a3e12095aee,533b31d7-0a32-461e-96b5-432560ed13f5,d5ac6269-d8cf-4821-ac8b-a6341e68987b,BASO,Bạch cầu ái kiềm,Basophils,,%,0 - 2,0.0,2.0,Whole Blood (EDTA),Automated Hematology Analyzer,13,t,f,,,2026-04-28 03:47:26.953172+00,2026-04-28 03:47:26.953172+00,,
123,5b890822-db49-4496-b67c-ba482c24a775,4e7e1a3f-9190-4d7e-8949-3305585bcc49,d5ac6269-d8cf-4821-ac8b-a6341e68987b,BASO,Bạch cầu ái kiềm,Basophils,,%,0 - 2,0.0,2.0,Whole Blood (EDTA),Automated Hematology Analyzer,13,t,f,,,2026-04-28 03:47:26.953172+00,2026-04-28 03:47:26.953172+00,,
124,fac13d3a-2285-453b-8e46-680f8cdb3ebf,0d5f916d-7b86-42a8-8108-f632c7078cff,d5ac6269-d8cf-4821-ac8b-a6341e68987b,BASO,Bạch cầu ái kiềm,Basophils,,%,0 - 2,0.0,2.0,Whole Blood (EDTA),Automated Hematology Analyzer,13,t,f,,,2026-04-28 03:47:26.953172+00,2026-04-28 03:47:26.953172+00,,
125,381c7da1-34dc-4480-9f94-3b06fbf51976,d0c2eb37-90c2-478f-91df-3428c6f735bc,d5ac6269-d8cf-4821-ac8b-a6341e68987b,BASO,Bạch cầu ái kiềm,Basophils,,%,0 - 2,0.0,2.0,Whole Blood (EDTA),Automated Hematology Analyzer,13,t,f,,,2026-04-28 03:47:26.953172+00,2026-04-28 03:47:26.953172+00,,
126,f61ce3cc-586a-4f3c-ba64-518dee9c70dc,f0e8dbb1-c16a-4787-9832-737d23559cdd,d5ac6269-d8cf-4821-ac8b-a6341e68987b,BASO,Bạch cầu ái kiềm,Basophils,,%,0 - 2,0.0,2.0,Whole Blood (EDTA),Automated Hematology Analyzer,13,t,f,,,2026-04-28 03:47:26.953172+00,2026-04-28 03:47:26.953172+00,,
127,dc35a8f4-b337-4363-882a-37cfcf781172,a37ea8f8-8474-45f5-a102-2abcdf5ab54e,d5ac6269-d8cf-4821-ac8b-a6341e68987b,BASO,Bạch cầu ái kiềm,Basophils,,%,0 - 2,0.0,2.0,Whole Blood (EDTA),Automated Hematology Analyzer,13,t,f,,,2026-04-28 03:47:26.953172+00,2026-04-28 03:47:26.953172+00,,
128,a9894dc4-56e7-40ba-bbaa-533b8f447006,cc0de87b-4624-4f68-b9ba-1bac6649d799,d5ac6269-d8cf-4821-ac8b-a6341e68987b,BASO,Bạch cầu ái kiềm,Basophils,,%,0 - 2,0.0,2.0,Whole Blood (EDTA),Automated Hematology Analyzer,13,t,f,,,2026-04-28 03:47:26.953172+00,2026-04-28 03:47:26.953172+00,,
129,1d3e6294-1fef-4f8c-973b-a5aad7197bba,c7851582-f458-4fe7-9364-03f27fa13608,d5ac6269-d8cf-4821-ac8b-a6341e68987b,BASO,Bạch cầu ái kiềm,Basophils,,%,0 - 2,0.0,2.0,Whole Blood (EDTA),Automated Hematology Analyzer,13,t,f,,,2026-04-28 03:47:26.953172+00,2026-04-28 03:47:26.953172+00,,
130,bfe81e57-9b33-42fa-a629-fca0d8d57844,7a9d47bf-ad62-4385-873e-8a54fa24afbe,d5ac6269-d8cf-4821-ac8b-a6341e68987b,BASO,Bạch cầu ái kiềm,Basophils,,%,0 - 2,0.0,2.0,Whole Blood (EDTA),Automated Hematology Analyzer,13,t,f,,,2026-04-28 03:47:26.953172+00,2026-04-28 03:47:26.953172+00,,
131,0804bacc-8da9-43ef-b730-75eb088a60bc,89af7bcd-3a9e-4e81-a7d5-b944888b95cb,d5ac6269-d8cf-4821-ac8b-a6341e68987b,BASO,Bạch cầu ái kiềm,Basophils,,%,0 - 2,0.0,2.0,Whole Blood (EDTA),Automated Hematology Analyzer,13,t,f,,,2026-04-28 03:47:26.953172+00,2026-04-28 03:47:26.953172+00,,
132,e8305881-b8d5-44a7-8938-4775037964b7,26e03be4-6efc-428f-88a3-5dc80f518acf,d5ac6269-d8cf-4821-ac8b-a6341e68987b,GLU,Đường huyết,Glucose,,mg/dL,70 - 110,70.0,110.0,Serum,Hexokinase,1,t,f,,,2026-04-28 03:47:26.953172+00,2026-04-28 03:47:26.953172+00,,
133,65f9a71d-46f1-4b03-854e-17c03e433723,8edce13a-ef98-4c4f-b6b0-dccbfa4b44eb,d5ac6269-d8cf-4821-ac8b-a6341e68987b,GLU,Đường huyết,Glucose,,mg/dL,70 - 110,70.0,110.0,Serum,Hexokinase,1,t,f,,,2026-04-28 03:47:26.953172+00,2026-04-28 03:47:26.953172+00,,
134,0c411092-9444-4d68-a54f-9f9074778a33,6b83c45b-451c-4a76-8606-f60f93cb7f87,d5ac6269-d8cf-4821-ac8b-a6341e68987b,GLU,Đường huyết,Glucose,,mg/dL,70 - 110,70.0,110.0,Serum,Hexokinase,1,t,f,,,2026-04-28 03:47:26.953172+00,2026-04-28 03:47:26.953172+00,,
135,f4573be8-7424-4f2a-9e01-b713bd18cc08,501bd48f-abe9-4fa8-81c6-8e899cb6bd23,d5ac6269-d8cf-4821-ac8b-a6341e68987b,GLU,Đường huyết,Glucose,,mg/dL,70 - 110,70.0,110.0,Serum,Hexokinase,1,t,f,,,2026-04-28 03:47:26.953172+00,2026-04-28 03:47:26.953172+00,,
136,2a72a96b-87a8-4359-9f8e-af1acf04e4e6,50be5397-605c-4d59-8d34-b2702f52c041,d5ac6269-d8cf-4821-ac8b-a6341e68987b,GLU,Đường huyết,Glucose,,mg/dL,70 - 110,70.0,110.0,Serum,Hexokinase,1,t,f,,,2026-04-28 03:47:26.953172+00,2026-04-28 03:47:26.953172+00,,
137,b2de8fc2-df70-4784-84d0-1d6043289786,8f347a24-ae9b-40f0-a6c9-8dff38cfcdc6,d5ac6269-d8cf-4821-ac8b-a6341e68987b,GLU,Đường huyết,Glucose,,mg/dL,70 - 110,70.0,110.0,Serum,Hexokinase,1,t,f,,,2026-04-28 03:47:26.953172+00,2026-04-28 03:47:26.953172+00,,
138,a580a61d-a09d-4d1b-84de-10dd567c2b5d,b838726a-de35-485f-8c26-89b84a0291a3,d5ac6269-d8cf-4821-ac8b-a6341e68987b,UREA,Urê,Urea,,mg/dL,15 - 45,15.0,45.0,Serum,Urease/GLDH,1,t,f,,,2026-04-28 03:47:26.953172+00,2026-04-28 03:47:26.953172+00,,
139,86aacca0-83ff-44b2-878f-63c8e989455c,43bb9882-1f86-4935-8d1a-315e56c01ea3,d5ac6269-d8cf-4821-ac8b-a6341e68987b,UREA,Urê,Urea,,mg/dL,15 - 45,15.0,45.0,Serum,Urease/GLDH,1,t,f,,,2026-04-28 03:47:26.953172+00,2026-04-28 03:47:26.953172+00,,
140,cd98c790-a7cd-47de-a096-292b40bcea23,ef2023c0-598a-4a43-8898-2241e3d9cedc,d5ac6269-d8cf-4821-ac8b-a6341e68987b,UREA,Urê,Urea,,mg/dL,15 - 45,15.0,45.0,Serum,Urease/GLDH,1,t,f,,,2026-04-28 03:47:26.953172+00,2026-04-28 03:47:26.953172+00,,
141,a71dd11a-28fb-46ae-8218-4772aa16388a,bb7fc43f-8a54-4cfa-b69f-acd5afce965d,d5ac6269-d8cf-4821-ac8b-a6341e68987b,UREA,Urê,Urea,,mg/dL,15 - 45,15.0,45.0,Serum,Urease/GLDH,1,t,f,,,2026-04-28 03:47:26.953172+00,2026-04-28 03:47:26.953172+00,,
142,2478c064-6af1-4bae-95bb-ae8537a1a9b1,43890405-0aea-4dc0-8671-11eced3e0863,d5ac6269-d8cf-4821-ac8b-a6341e68987b,UREA,Urê,Urea,,mg/dL,15 - 45,15.0,45.0,Serum,Urease/GLDH,1,t,f,,,2026-04-28 03:47:26.953172+00,2026-04-28 03:47:26.953172+00,,
143,c998a69c-8bfc-4d86-9da7-346168fc9b37,88c1a94c-9568-4eab-85b5-f4aeeea295ca,d5ac6269-d8cf-4821-ac8b-a6341e68987b,CREA,Creatinin,Creatinine,,mg/dL,0.6 - 1.3,0.6,1.3,Serum,Jaffe / Enzymatic,1,t,f,,,2026-04-28 03:47:26.953172+00,2026-04-28 03:47:26.953172+00,,
144,4e0a0a10-d596-4cbf-b3aa-95671c7591aa,78eeed2c-e941-4368-a4cc-198ee9a7e862,d5ac6269-d8cf-4821-ac8b-a6341e68987b,CREA,Creatinin,Creatinine,,mg/dL,0.6 - 1.3,0.6,1.3,Serum,Jaffe / Enzymatic,1,t,f,,,2026-04-28 03:47:26.953172+00,2026-04-28 03:47:26.953172+00,,
145,d28b1f53-2b57-4648-a92f-40a98dc86109,b5f6a456-06ff-467f-8ca9-1f2f643400fb,d5ac6269-d8cf-4821-ac8b-a6341e68987b,CREA,Creatinin,Creatinine,,mg/dL,0.6 - 1.3,0.6,1.3,Serum,Jaffe / Enzymatic,1,t,f,,,2026-04-28 03:47:26.953172+00,2026-04-28 03:47:26.953172+00,,
146,9658e0c0-3157-422b-8c78-2c055d44dcf9,5c73c176-11d0-4451-9c01-6c5ddbe09fd3,d5ac6269-d8cf-4821-ac8b-a6341e68987b,CREA,Creatinin,Creatinine,,mg/dL,0.6 - 1.3,0.6,1.3,Serum,Jaffe / Enzymatic,1,t,f,,,2026-04-28 03:47:26.953172+00,2026-04-28 03:47:26.953172+00,,
147,4bfc8458-142e-4781-98f4-9bcea01fec5e,f088d132-c8fd-4ce1-8a85-524734a0e4c6,d5ac6269-d8cf-4821-ac8b-a6341e68987b,CREA,Creatinin,Creatinine,,mg/dL,0.6 - 1.3,0.6,1.3,Serum,Jaffe / Enzymatic,1,t,f,,,2026-04-28 03:47:26.953172+00,2026-04-28 03:47:26.953172+00,,
148,f5e6124f-75e0-4fea-8c88-ea8e83445b1f,a9556d98-d175-46de-be02-8d4e4a6ded32,d5ac6269-d8cf-4821-ac8b-a6341e68987b,CREA,Creatinin,Creatinine,,mg/dL,0.6 - 1.3,0.6,1.3,Serum,Jaffe / Enzymatic,1,t,f,,,2026-04-28 03:47:26.953172+00,2026-04-28 03:47:26.953172+00,,
149,cfcba75a-63f6-465c-8452-1f228ac45c27,1a08a77f-957b-470f-8131-eb86dd095267,d5ac6269-d8cf-4821-ac8b-a6341e68987b,CREA,Creatinin,Creatinine,,mg/dL,0.6 - 1.3,0.6,1.3,Serum,Jaffe / Enzymatic,1,t,f,,,2026-04-28 03:47:26.953172+00,2026-04-28 03:47:26.953172+00,,
150,ba09ec12-1814-4c10-b88c-03b6f7144a4e,4cb45a8b-26bb-4fcd-8e96-f724af86ed10,d5ac6269-d8cf-4821-ac8b-a6341e68987b,CHOL,Cholesterol toàn phần,Total Cholesterol,,mg/dL,< 200,,200.0,Serum,CHOD-PAP,1,t,f,,,2026-04-28 03:47:26.953172+00,2026-04-28 03:47:26.953172+00,,
151,31922cbe-5aa9-44ad-bfe1-a5edfba22e83,4fcfed6a-6b2d-44c8-8928-4e6d1252453d,d5ac6269-d8cf-4821-ac8b-a6341e68987b,CHOL,Cholesterol toàn phần,Total Cholesterol,,mg/dL,< 200,,200.0,Serum,CHOD-PAP,1,t,f,,,2026-04-28 03:47:26.953172+00,2026-04-28 03:47:26.953172+00,,
152,e854a70c-b21f-4ca7-98dc-0845e86b4b1c,c41aeff8-fe91-4627-9be7-b6eaceae2a32,d5ac6269-d8cf-4821-ac8b-a6341e68987b,CHOL,Cholesterol toàn phần,Total Cholesterol,,mg/dL,< 200,,200.0,Serum,CHOD-PAP,1,t,f,,,2026-04-28 03:47:26.953172+00,2026-04-28 03:47:26.953172+00,,
153,e886744a-2833-4f2d-a28e-410a0121b22d,33772420-b7f3-4ab6-8050-78ccbbe468ce,d5ac6269-d8cf-4821-ac8b-a6341e68987b,CHOL,Cholesterol toàn phần,Total Cholesterol,,mg/dL,< 200,,200.0,Serum,CHOD-PAP,1,t,f,,,2026-04-28 03:47:26.953172+00,2026-04-28 03:47:26.953172+00,,
154,bf403b6f-4726-4ae9-9888-11743b277235,c6859705-6d50-4ab7-a6be-66008ee6ef5e,d5ac6269-d8cf-4821-ac8b-a6341e68987b,CHOL,Cholesterol toàn phần,Total Cholesterol,,mg/dL,< 200,,200.0,Serum,CHOD-PAP,1,t,f,,,2026-04-28 03:47:26.953172+00,2026-04-28 03:47:26.953172+00,,
155,1d10f759-4143-4f96-b227-e3cb5155413b,178557b2-9718-41f1-a79c-8ca453fb5a95,d5ac6269-d8cf-4821-ac8b-a6341e68987b,HDL,HDL Cholesterol,HDL-Cholesterol,,mg/dL,> 40,40.0,,Serum,Direct Enzymatic,1,t,f,,,2026-04-28 03:47:26.953172+00,2026-04-28 03:47:26.953172+00,,
156,645d1d6f-830e-45c8-85ad-4ce72313fdc4,1977f4eb-7907-41dc-89fc-c86af8233ef8,d5ac6269-d8cf-4821-ac8b-a6341e68987b,HDL,HDL Cholesterol,HDL-Cholesterol,,mg/dL,> 40,40.0,,Serum,Direct Enzymatic,1,t,f,,,2026-04-28 03:47:26.953172+00,2026-04-28 03:47:26.953172+00,,
157,f293ab9f-ba33-4ab6-839f-6c279088a9a3,68c2c441-82e7-42d8-a10b-612cd0fd418e,d5ac6269-d8cf-4821-ac8b-a6341e68987b,HDL,HDL Cholesterol,HDL-Cholesterol,,mg/dL,> 40,40.0,,Serum,Direct Enzymatic,1,t,f,,,2026-04-28 03:47:26.953172+00,2026-04-28 03:47:26.953172+00,,
158,2985f560-a05d-43c6-8408-9f55dcb29ba6,ddb422ef-55e5-4813-b836-64fbd4062182,d5ac6269-d8cf-4821-ac8b-a6341e68987b,LDL,LDL Cholesterol,LDL-Cholesterol,,mg/dL,< 130,,130.0,Serum,Direct Enzymatic,1,t,f,,,2026-04-28 03:47:26.953172+00,2026-04-28 03:47:26.953172+00,,
159,705f1b92-cc73-462c-84ba-d4244264277d,6ba8acbf-8c56-41db-a66f-eac8757b7058,d5ac6269-d8cf-4821-ac8b-a6341e68987b,LDL,LDL Cholesterol,LDL-Cholesterol,,mg/dL,< 130,,130.0,Serum,Direct Enzymatic,1,t,f,,,2026-04-28 03:47:26.953172+00,2026-04-28 03:47:26.953172+00,,
160,2403cb74-bed4-410b-96a5-326375066fc5,09a8d8f5-6803-44e8-802c-116c604de36b,d5ac6269-d8cf-4821-ac8b-a6341e68987b,LDL,LDL Cholesterol,LDL-Cholesterol,,mg/dL,< 130,,130.0,Serum,Direct Enzymatic,1,t,f,,,2026-04-28 03:47:26.953172+00,2026-04-28 03:47:26.953172+00,,
161,ab34d465-ca87-4940-85c0-2d805649d36b,a28e70e0-6414-4ae6-acb9-498aaf809dfb,d5ac6269-d8cf-4821-ac8b-a6341e68987b,TG,Triglycerid,Triglycerides,,mg/dL,< 150,,150.0,Serum,GPO-PAP,1,t,f,,,2026-04-28 03:47:26.953172+00,2026-04-28 03:47:26.953172+00,,
162,7a900173-edb7-4c0a-b8d6-88d69b143566,212493e7-774a-45b1-a5b4-a59e8b72ee34,d5ac6269-d8cf-4821-ac8b-a6341e68987b,TG,Triglycerid,Triglycerides,,mg/dL,< 150,,150.0,Serum,GPO-PAP,1,t,f,,,2026-04-28 03:47:26.953172+00,2026-04-28 03:47:26.953172+00,,
163,9c5015f6-b023-41b1-8213-8e83bab876ea,ff8d8904-25c7-4551-8b2d-5800529b8e6c,d5ac6269-d8cf-4821-ac8b-a6341e68987b,TG,Triglycerid,Triglycerides,,mg/dL,< 150,,150.0,Serum,GPO-PAP,1,t,f,,,2026-04-28 03:47:26.953172+00,2026-04-28 03:47:26.953172+00,,
164,b08c5c14-1a55-44a4-9c14-5c36884aed76,a201002b-8736-4b9f-b0b6-a1a056801b38,d5ac6269-d8cf-4821-ac8b-a6341e68987b,TG,Triglycerid,Triglycerides,,mg/dL,< 150,,150.0,Serum,GPO-PAP,1,t,f,,,2026-04-28 03:47:26.953172+00,2026-04-28 03:47:26.953172+00,,
165,3016071b-951a-41d1-bdac-60610b22c21e,3306cd7a-809b-4179-a4f6-b5d7c3e3982b,d5ac6269-d8cf-4821-ac8b-a6341e68987b,TG,Triglycerid,Triglycerides,,mg/dL,< 150,,150.0,Serum,GPO-PAP,1,t,f,,,2026-04-28 03:47:26.953172+00,2026-04-28 03:47:26.953172+00,,
166,391ebfb3-daa6-46a4-8424-230ed59a4c5c,20a30bd7-1668-45bb-b856-566e182c02cf,d5ac6269-d8cf-4821-ac8b-a6341e68987b,TG,Triglycerid,Triglycerides,,mg/dL,< 150,,150.0,Serum,GPO-PAP,1,t,f,,,2026-04-28 03:47:26.953172+00,2026-04-28 03:47:26.953172+00,,
167,8eedb762-0213-4392-b07a-9d6ea78701cd,48d31da6-2218-4b7e-a7e0-a1e4510e3299,d5ac6269-d8cf-4821-ac8b-a6341e68987b,NA,Natri,Sodium,,mmol/L,135 - 145,135.0,145.0,Serum,ISE,1,t,f,,,2026-04-28 03:47:26.953172+00,2026-04-28 03:47:26.953172+00,,
168,a27d9ea1-894a-4317-8249-df87efa3e78b,48d31da6-2218-4b7e-a7e0-a1e4510e3299,d5ac6269-d8cf-4821-ac8b-a6341e68987b,K,Kali,Potassium,,mmol/L,3.5 - 5.0,3.5,5.0,Serum,ISE,2,t,f,,,2026-04-28 03:47:26.953172+00,2026-04-28 03:47:26.953172+00,,
169,dc2b03ab-350a-4ab1-881b-561767dbf548,48d31da6-2218-4b7e-a7e0-a1e4510e3299,d5ac6269-d8cf-4821-ac8b-a6341e68987b,CL,Clorua,Chloride,,mmol/L,98 - 107,98.0,107.0,Serum,ISE,3,t,f,,,2026-04-28 03:47:26.953172+00,2026-04-28 03:47:26.953172+00,,
170,47cc72a7-0d1a-4ef0-b28b-1bfdb70425f1,ab37cdb4-31a0-46b7-8f51-884addb57b59,d5ac6269-d8cf-4821-ac8b-a6341e68987b,NA,Natri,Sodium,,mmol/L,135 - 145,135.0,145.0,Serum,ISE,1,t,f,,,2026-04-28 03:47:26.953172+00,2026-04-28 03:47:26.953172+00,,
171,c4dc4f18-d785-42ce-af41-dc1a89f6221a,ab37cdb4-31a0-46b7-8f51-884addb57b59,d5ac6269-d8cf-4821-ac8b-a6341e68987b,K,Kali,Potassium,,mmol/L,3.5 - 5.0,3.5,5.0,Serum,ISE,2,t,f,,,2026-04-28 03:47:26.953172+00,2026-04-28 03:47:26.953172+00,,
172,72265524-175c-42ff-87cf-2d55f0b58ad4,ab37cdb4-31a0-46b7-8f51-884addb57b59,d5ac6269-d8cf-4821-ac8b-a6341e68987b,CL,Clorua,Chloride,,mmol/L,98 - 107,98.0,107.0,Serum,ISE,3,t,f,,,2026-04-28 03:47:26.953172+00,2026-04-28 03:47:26.953172+00,,
173,55a5b8f3-0138-4158-b3cd-8086862d798a,1e5ef807-6419-459b-82f0-40d5bcbd0155,d5ac6269-d8cf-4821-ac8b-a6341e68987b,NA,Natri,Sodium,,mmol/L,135 - 145,135.0,145.0,Serum,ISE,1,t,f,,,2026-04-28 03:47:26.953172+00,2026-04-28 03:47:26.953172+00,,
174,09e767a2-d7a6-40b4-aa9f-aa628b7be36c,1e5ef807-6419-459b-82f0-40d5bcbd0155,d5ac6269-d8cf-4821-ac8b-a6341e68987b,K,Kali,Potassium,,mmol/L,3.5 - 5.0,3.5,5.0,Serum,ISE,2,t,f,,,2026-04-28 03:47:26.953172+00,2026-04-28 03:47:26.953172+00,,
175,4c00d08f-0ef0-4aae-94f6-45c73a4aaca7,1e5ef807-6419-459b-82f0-40d5bcbd0155,d5ac6269-d8cf-4821-ac8b-a6341e68987b,CL,Clorua,Chloride,,mmol/L,98 - 107,98.0,107.0,Serum,ISE,3,t,f,,,2026-04-28 03:47:26.953172+00,2026-04-28 03:47:26.953172+00,,
176,ec924f0e-7a99-4856-91f4-0b7ad6fbb27b,062f2839-f217-4cef-87ea-256d27864890,d5ac6269-d8cf-4821-ac8b-a6341e68987b,NA,Natri,Sodium,,mmol/L,135 - 145,135.0,145.0,Serum,ISE,1,t,f,,,2026-04-28 03:47:26.953172+00,2026-04-28 03:47:26.953172+00,,
177,89deaab1-7dff-41cc-9cfc-2dd239aff3c4,062f2839-f217-4cef-87ea-256d27864890,d5ac6269-d8cf-4821-ac8b-a6341e68987b,K,Kali,Potassium,,mmol/L,3.5 - 5.0,3.5,5.0,Serum,ISE,2,t,f,,,2026-04-28 03:47:26.953172+00,2026-04-28 03:47:26.953172+00,,
178,f73ef9b9-7c17-4495-a1e6-1c9b998f60d8,062f2839-f217-4cef-87ea-256d27864890,d5ac6269-d8cf-4821-ac8b-a6341e68987b,CL,Clorua,Chloride,,mmol/L,98 - 107,98.0,107.0,Serum,ISE,3,t,f,,,2026-04-28 03:47:26.953172+00,2026-04-28 03:47:26.953172+00,,
179,8a852985-f243-4566-9d69-4bf8576bd3eb,34f212e5-a0f4-4e3d-bb34-fea18982168d,d5ac6269-d8cf-4821-ac8b-a6341e68987b,TSH,TSH,Thyroid-Stimulating Hormone,,µIU/mL,0.27 - 4.20,0.27,4.20,Serum,CLIA,1,t,f,,,2026-04-28 03:47:26.953172+00,2026-04-28 03:47:26.953172+00,,
180,14105bea-fc5a-4aaa-a194-ff904e977e64,37f8979e-919e-4720-a646-93d9cc9c7192,d5ac6269-d8cf-4821-ac8b-a6341e68987b,TSH,TSH,Thyroid-Stimulating Hormone,,µIU/mL,0.27 - 4.20,0.27,4.20,Serum,CLIA,1,t,f,,,2026-04-28 03:47:26.953172+00,2026-04-28 03:47:26.953172+00,,
181,f09923cf-eed3-49bd-ac0f-1b3027a8577d,de773bdd-bfcc-46e5-a2e0-ad8cc28b607e,d5ac6269-d8cf-4821-ac8b-a6341e68987b,TSH,TSH,Thyroid-Stimulating Hormone,,µIU/mL,0.27 - 4.20,0.27,4.20,Serum,CLIA,1,t,f,,,2026-04-28 03:47:26.953172+00,2026-04-28 03:47:26.953172+00,,
182,3304af94-c47e-41b1-8d23-54933629ca2e,1b22cb3f-78bd-4ed6-9247-6cef3e6754e0,d5ac6269-d8cf-4821-ac8b-a6341e68987b,TSH,TSH,Thyroid-Stimulating Hormone,,µIU/mL,0.27 - 4.20,0.27,4.20,Serum,CLIA,1,t,f,,,2026-04-28 03:47:26.953172+00,2026-04-28 03:47:26.953172+00,,
183,fae7a3d9-f5b6-42b2-a8e8-145ae407bc4e,9b01fcf0-bee6-4b4a-a603-516fd3311ae3,d5ac6269-d8cf-4821-ac8b-a6341e68987b,TSH,TSH,Thyroid-Stimulating Hormone,,µIU/mL,0.27 - 4.20,0.27,4.20,Serum,CLIA,1,t,f,,,2026-04-28 03:47:26.953172+00,2026-04-28 03:47:26.953172+00,,
184,34e46d30-fb9a-4fc1-ad4e-3f7b09f100d6,7ff03939-da5d-4b4e-a0f6-72874ac1068a,d5ac6269-d8cf-4821-ac8b-a6341e68987b,TSH,TSH,Thyroid-Stimulating Hormone,,µIU/mL,0.27 - 4.20,0.27,4.20,Serum,CLIA,1,t,f,,,2026-04-28 03:47:26.953172+00,2026-04-28 03:47:26.953172+00,,
185,b221f5e1-3f87-4c29-bfbc-b055f6132dd9,4a655a0d-95f7-4f9d-91b7-1e0dd8f8b962,d5ac6269-d8cf-4821-ac8b-a6341e68987b,APTT,APTT,Activated Partial Thromboplastin Time,,sec,25 - 35,25.0,35.0,Plasma (Citrate),Coagulometric,1,t,f,,,2026-04-28 03:47:26.953172+00,2026-04-28 03:47:26.953172+00,,
186,6f920803-6644-4c59-b490-a0abfb7a5b82,ec60d069-62ae-4b89-8266-f3190c80c8ff,d5ac6269-d8cf-4821-ac8b-a6341e68987b,PT,Thời gian Prothrombin,Prothrombin Time,,sec,11 - 14,11.0,14.0,Plasma (Citrate),Coagulometric,1,t,f,,,2026-04-28 03:47:26.953172+00,2026-04-28 03:47:26.953172+00,,
187,0f2b1a16-3fcf-4035-a11e-56c30d848cfa,ec60d069-62ae-4b89-8266-f3190c80c8ff,d5ac6269-d8cf-4821-ac8b-a6341e68987b,INR,INR,INR,,,0.8 - 1.2,0.8,1.2,Plasma (Citrate),Coagulometric,2,t,f,,,2026-04-28 03:47:26.953172+00,2026-04-28 03:47:26.953172+00,,
188,d602d139-f191-4636-bfd0-10d12d95d52a,ec60d069-62ae-4b89-8266-f3190c80c8ff,d5ac6269-d8cf-4821-ac8b-a6341e68987b,PT%,Prothrombin %,Prothrombin %,,%,70 - 120,70.0,120.0,Plasma (Citrate),Coagulometric,3,t,f,,,2026-04-28 03:47:26.953172+00,2026-04-28 03:47:26.953172+00,,
189,fab665f1-7e68-49cc-a9d3-de18f689ba24,90286ac2-844d-4d54-b260-b3b994e75238,d5ac6269-d8cf-4821-ac8b-a6341e68987b,FIB,Fibrinogen,Fibrinogen,,g/L,2.0 - 4.0,2.0,4.0,Plasma (Citrate),Clauss,1,t,f,,,2026-04-28 03:47:26.953172+00,2026-04-28 03:47:26.953172+00,,
190,d234cc25-8547-445b-be0e-6aeaaa356493,28196b63-d726-4fea-b412-86c18cd8ba73,d5ac6269-d8cf-4821-ac8b-a6341e68987b,FIB,Fibrinogen,Fibrinogen,,g/L,2.0 - 4.0,2.0,4.0,Plasma (Citrate),Clauss,1,t,f,,,2026-04-28 03:47:26.953172+00,2026-04-28 03:47:26.953172+00,,
191,886059c1-0d94-4ebd-ac62-4c3edcea99f0,0b63b97e-c15f-4a1c-b41a-5badc1c6b4c9,d5ac6269-d8cf-4821-ac8b-a6341e68987b,AST,AST (SGOT),Aspartate Aminotransferase,,U/L,< 40,,40.0,Serum,IFCC,1,t,f,,,2026-04-28 03:47:26.953172+00,2026-04-28 03:47:26.953172+00,,
192,e3b5e265-c86d-4d66-a30f-154356c91bbd,1a2dc1c9-57a3-4a79-9446-51b8c922f7eb,d5ac6269-d8cf-4821-ac8b-a6341e68987b,AST,AST (SGOT),Aspartate Aminotransferase,,U/L,< 40,,40.0,Serum,IFCC,1,t,f,,,2026-04-28 03:47:26.953172+00,2026-04-28 03:47:26.953172+00,,
193,5d704741-1d46-48b4-9f69-7937d690a4c0,0b63b97e-c15f-4a1c-b41a-5badc1c6b4c9,d5ac6269-d8cf-4821-ac8b-a6341e68987b,ALT,ALT (SGPT),Alanine Aminotransferase,,U/L,< 41,,41.0,Serum,IFCC,1,t,f,,,2026-04-28 03:47:26.953172+00,2026-04-28 03:47:26.953172+00,,
194,b2488b97-92ab-4f20-b8cf-976ca069e98b,6e935e00-e647-48f9-a107-f7141cb07ee1,d5ac6269-d8cf-4821-ac8b-a6341e68987b,CRP,CRP,C-Reactive Protein,,mg/L,< 5.0,,5.0,Serum,Immunoturbidimetric,1,t,f,,,2026-04-28 03:47:26.953172+00,2026-04-28 03:47:26.953172+00,,
195,d899476f-4fba-4e76-801e-ea923a642394,c7d9f64a-d910-47b9-9949-0f90cda4321d,d5ac6269-d8cf-4821-ac8b-a6341e68987b,URIC,Acid Uric,Uric Acid,,mg/dL,3.5 - 7.2,3.5,7.2,Serum,Uricase,1,t,f,,,2026-04-28 03:47:26.953172+00,2026-04-28 03:47:26.953172+00,,
196,de18bf7f-418e-4f1d-aae7-cfa36e031711,62cd31d6-da90-46d3-a562-448b06f47623,d5ac6269-d8cf-4821-ac8b-a6341e68987b,URIC,Acid Uric,Uric Acid,,mg/dL,3.5 - 7.2,3.5,7.2,Serum,Uricase,1,t,f,,,2026-04-28 03:47:26.953172+00,2026-04-28 03:47:26.953172+00,,
197,43a2ec0e-0c7f-45e6-a490-e0a36b79eba6,e96ffbf3-c9fe-4f01-848e-a9a75f9c11e4,d5ac6269-d8cf-4821-ac8b-a6341e68987b,URIC,Acid Uric,Uric Acid,,mg/dL,3.5 - 7.2,3.5,7.2,Serum,Uricase,1,t,f,,,2026-04-28 03:47:26.953172+00,2026-04-28 03:47:26.953172+00,,
198,d119f052-d1dc-46fe-97cb-87335c9e410e,cac4a2a6-3cf4-41a9-88a4-d29827ac1711,d5ac6269-d8cf-4821-ac8b-a6341e68987b,URIC,Acid Uric,Uric Acid,,mg/dL,3.5 - 7.2,3.5,7.2,Serum,Uricase,1,t,f,,,2026-04-28 03:47:26.953172+00,2026-04-28 03:47:26.953172+00,,
199,57f9478c-303d-4d4a-8408-5ba8fd2af69a,a225fd99-2b18-4779-824f-473d58529534,d5ac6269-d8cf-4821-ac8b-a6341e68987b,URIC,Acid Uric,Uric Acid,,mg/dL,3.5 - 7.2,3.5,7.2,Serum,Uricase,1,t,f,,,2026-04-28 03:47:26.953172+00,2026-04-28 03:47:26.953172+00,,
200,070e9ef5-8152-4075-88c1-6c7de0cbe03c,667f09ee-5960-413c-b3b6-0e546ddab61a,d5ac6269-d8cf-4821-ac8b-a6341e68987b,ESR,Tốc độ máu lắng,ESR,,mm/h,0 - 20,0.0,20.0,Whole Blood (Citrate),Westergren,1,t,f,,,2026-04-28 03:47:26.953172+00,2026-04-28 03:47:26.953172+00,,
