_excel_row_number,id,clinic_id,package_id,service_id,quantity,notes,created_at
2,52291874-23b6-4464-ae7e-278dd08a8188,d5ac6269-d8cf-4821-ac8b-a6341e68987b,d8bcd04f-799b-4391-849a-af3175048c28,0d5f916d-7b86-42a8-8108-f632c7078cff,1,,2026-03-26 09:50:54.995167+00
3,d78de5e2-491c-4949-ba4b-8f2731fe17d0,d5ac6269-d8cf-4821-ac8b-a6341e68987b,d8bcd04f-799b-4391-849a-af3175048c28,8edce13a-ef98-4c4f-b6b0-dccbfa4b44eb,1,,2026-03-26 09:50:54.995167+00
4,a1615663-4030-415b-97e7-8297657473e4,d5ac6269-d8cf-4821-ac8b-a6341e68987b,d8bcd04f-799b-4391-849a-af3175048c28,4fcfed6a-6b2d-44c8-8928-4e6d1252453d,1,,2026-03-26 09:50:54.995167+00
5,7c57168d-0651-4f5d-98d1-173d70553156,d5ac6269-d8cf-4821-ac8b-a6341e68987b,d8bcd04f-799b-4391-849a-af3175048c28,1977f4eb-7907-41dc-89fc-c86af8233ef8,1,,2026-03-26 09:50:54.995167+00
6,e5f75e0d-4638-460d-a38e-050784506dee,d5ac6269-d8cf-4821-ac8b-a6341e68987b,d8bcd04f-799b-4391-849a-af3175048c28,6ba8acbf-8c56-41db-a66f-eac8757b7058,1,,2026-03-26 09:50:54.995167+00
7,57047331-baf0-4445-9f28-3fdc0055905b,d5ac6269-d8cf-4821-ac8b-a6341e68987b,d8bcd04f-799b-4391-849a-af3175048c28,212493e7-774a-45b1-a5b4-a59e8b72ee34,1,,2026-03-26 09:50:54.995167+00
8,0f0f2623-7280-466a-89cc-6bc169204356,d5ac6269-d8cf-4821-ac8b-a6341e68987b,d8bcd04f-799b-4391-849a-af3175048c28,62cd31d6-da90-46d3-a562-448b06f47623,1,,2026-03-26 09:50:54.995167+00
9,d3382688-9ce5-4529-8fdf-cc96a8d1aae2,d5ac6269-d8cf-4821-ac8b-a6341e68987b,d8bcd04f-799b-4391-849a-af3175048c28,b838726a-de35-485f-8c26-89b84a0291a3,1,,2026-03-26 09:50:54.995167+00
10,a453a460-4823-4a8d-9b74-c0b5e382b63b,d5ac6269-d8cf-4821-ac8b-a6341e68987b,d8bcd04f-799b-4391-849a-af3175048c28,88c1a94c-9568-4eab-85b5-f4aeeea295ca,1,,2026-03-26 09:50:54.995167+00
11,a633ca92-d6d9-4507-86d5-357cfb70a8c2,d5ac6269-d8cf-4821-ac8b-a6341e68987b,d8bcd04f-799b-4391-849a-af3175048c28,48d31da6-2218-4b7e-a7e0-a1e4510e3299,1,,2026-03-26 09:50:54.995167+00
12,43075c84-c079-406d-9992-3ca1f0a4ccb1,d5ac6269-d8cf-4821-ac8b-a6341e68987b,d8bcd04f-799b-4391-849a-af3175048c28,6890b36c-89c5-435b-8c9c-d9ea34047455,1,,2026-03-26 09:50:54.995167+00
13,a5aee8c6-05f4-4812-8654-db1becd64806,d5ac6269-d8cf-4821-ac8b-a6341e68987b,d8bcd04f-799b-4391-849a-af3175048c28,3b39776c-5d48-4b66-8c01-dc1558e6dba7,1,,2026-03-26 09:50:54.995167+00
14,38adf72b-a252-480c-96df-635e3dc30d49,d5ac6269-d8cf-4821-ac8b-a6341e68987b,d8bcd04f-799b-4391-849a-af3175048c28,6c280446-eac6-4ef7-8532-18ca9887e324,1,,2026-03-26 09:50:54.995167+00
15,0c0b6d22-a3a0-41a1-bc5d-c9fa053a4128,d5ac6269-d8cf-4821-ac8b-a6341e68987b,d8bcd04f-799b-4391-849a-af3175048c28,11866c0d-a914-44b4-a96f-5b37da0e0976,1,,2026-03-26 09:50:54.995167+00
16,f11332c4-e766-4e8c-8caf-4021e9f9b58e,d5ac6269-d8cf-4821-ac8b-a6341e68987b,d8bcd04f-799b-4391-849a-af3175048c28,d813350c-cc34-45ee-a67a-f147c8d9c1fd,1,,2026-03-26 09:50:54.995167+00
17,6c8c29e4-b452-45e5-8fc1-3066bb63402c,d5ac6269-d8cf-4821-ac8b-a6341e68987b,d8bcd04f-799b-4391-849a-af3175048c28,399b29e4-c3bf-4f74-b570-1170657eb90c,1,,2026-03-26 09:50:54.995167+00
18,8a700bff-7bd8-4112-a563-0d7663ce6d6e,d5ac6269-d8cf-4821-ac8b-a6341e68987b,d8bcd04f-799b-4391-849a-af3175048c28,34f212e5-a0f4-4e3d-bb34-fea18982168d,1,,2026-03-26 09:50:54.995167+00
19,593fd33b-3ffd-4906-8f42-a11374bf44c6,d5ac6269-d8cf-4821-ac8b-a6341e68987b,a89649ec-9ae9-43da-86a5-3876753ef7e6,4cb45a8b-26bb-4fcd-8e96-f724af86ed10,1,,2026-03-26 09:50:54.995167+00
20,7d233aa2-7223-4ed4-87fa-25210d4a4239,d5ac6269-d8cf-4821-ac8b-a6341e68987b,a89649ec-9ae9-43da-86a5-3876753ef7e6,178557b2-9718-41f1-a79c-8ca453fb5a95,1,,2026-03-26 09:50:54.995167+00
21,f472d57f-f5cd-4c8a-b782-c414ba9f2c6a,d5ac6269-d8cf-4821-ac8b-a6341e68987b,a89649ec-9ae9-43da-86a5-3876753ef7e6,ddb422ef-55e5-4813-b836-64fbd4062182,1,,2026-03-26 09:50:54.995167+00
22,8e62d675-1b0e-4106-9ca3-ffa1bbfc00ef,d5ac6269-d8cf-4821-ac8b-a6341e68987b,a89649ec-9ae9-43da-86a5-3876753ef7e6,a28e70e0-6414-4ae6-acb9-498aaf809dfb,1,,2026-03-26 09:50:54.995167+00
23,ce0ee1f9-89c6-42af-bd2e-26880913484f,d5ac6269-d8cf-4821-ac8b-a6341e68987b,a9766dd9-e721-4d8b-9d37-818df4df4005,26e03be4-6efc-428f-88a3-5dc80f518acf,1,,2026-03-26 09:50:54.995167+00
24,33e3beb1-827a-4e9e-987d-d394c7d019d1,d5ac6269-d8cf-4821-ac8b-a6341e68987b,a9766dd9-e721-4d8b-9d37-818df4df4005,29e6efb2-a36d-49c4-9b65-f127f37b81a9,1,,2026-03-26 09:50:54.995167+00
25,26afa609-7e71-455a-9950-869ad38c4fb3,d5ac6269-d8cf-4821-ac8b-a6341e68987b,012ba862-f99a-45d9-8c89-85b50d6207f5,33772420-b7f3-4ab6-8050-78ccbbe468ce,1,,2026-03-26 09:50:54.995167+00
26,4e55daff-9857-4270-9bd8-72cf547cb83f,d5ac6269-d8cf-4821-ac8b-a6341e68987b,012ba862-f99a-45d9-8c89-85b50d6207f5,a201002b-8736-4b9f-b0b6-a1a056801b38,1,,2026-03-26 09:50:54.995167+00
27,1be4cbc2-fe39-401b-9f6e-430555e09714,d5ac6269-d8cf-4821-ac8b-a6341e68987b,012ba862-f99a-45d9-8c89-85b50d6207f5,1e5ef807-6419-459b-82f0-40d5bcbd0155,1,,2026-03-26 09:50:54.995167+00
28,90190871-023c-4bc1-a2be-c985c6602fdb,d5ac6269-d8cf-4821-ac8b-a6341e68987b,012ba862-f99a-45d9-8c89-85b50d6207f5,ef2023c0-598a-4a43-8898-2241e3d9cedc,1,,2026-03-26 09:50:54.995167+00
29,a061b715-40b0-472b-b2f7-addf3690daad,d5ac6269-d8cf-4821-ac8b-a6341e68987b,012ba862-f99a-45d9-8c89-85b50d6207f5,f088d132-c8fd-4ce1-8a85-524734a0e4c6,1,,2026-03-26 09:50:54.995167+00
30,fac0645e-35a2-4270-9350-7ffd260d61d8,d5ac6269-d8cf-4821-ac8b-a6341e68987b,012ba862-f99a-45d9-8c89-85b50d6207f5,7a1dacf1-c85b-4b83-bda6-bd43a027356d,1,,2026-03-26 09:50:54.995167+00
31,9f90ceae-45ff-4b1d-a54a-72c1dba29936,d5ac6269-d8cf-4821-ac8b-a6341e68987b,012ba862-f99a-45d9-8c89-85b50d6207f5,8f347a24-ae9b-40f0-a6c9-8dff38cfcdc6,1,,2026-03-26 09:50:54.995167+00
32,a463ff1e-1aab-45f6-9e9f-936cd79f8488,d5ac6269-d8cf-4821-ac8b-a6341e68987b,012ba862-f99a-45d9-8c89-85b50d6207f5,71892e47-c341-43ce-afeb-938122c23a6c,1,,2026-03-26 09:50:54.995167+00
33,b5b4e92d-0353-4af7-8d53-1a36f1b5f390,d5ac6269-d8cf-4821-ac8b-a6341e68987b,012ba862-f99a-45d9-8c89-85b50d6207f5,65594aff-21e5-4738-a972-25c2c68a54c5,1,,2026-03-26 09:50:54.995167+00
34,f5319314-88e9-4858-83ca-ea65e0c47a5c,d5ac6269-d8cf-4821-ac8b-a6341e68987b,012ba862-f99a-45d9-8c89-85b50d6207f5,1b22cb3f-78bd-4ed6-9247-6cef3e6754e0,1,,2026-03-26 09:50:54.995167+00
35,c4982916-5487-458b-8581-46942c0feb59,d5ac6269-d8cf-4821-ac8b-a6341e68987b,012ba862-f99a-45d9-8c89-85b50d6207f5,8a7316a8-cdf8-4869-999c-7b35eda68a20,1,,2026-03-26 09:50:54.995167+00
36,86ed4f03-7e6a-40f9-a531-1568429fa50e,d5ac6269-d8cf-4821-ac8b-a6341e68987b,891a6669-3dfa-4c9e-ba81-1289f743c0c6,d0c2eb37-90c2-478f-91df-3428c6f735bc,1,,2026-03-26 09:50:54.995167+00
37,cb534ce8-3e08-4205-a348-1fc2c2a490c3,d5ac6269-d8cf-4821-ac8b-a6341e68987b,891a6669-3dfa-4c9e-ba81-1289f743c0c6,6c5b3062-dd86-4561-ac0d-9201bdcadc9a,1,,2026-03-26 09:50:54.995167+00
38,02bee905-6903-4544-ad9b-068a48a87005,d5ac6269-d8cf-4821-ac8b-a6341e68987b,891a6669-3dfa-4c9e-ba81-1289f743c0c6,96afbdd9-e2ab-433d-9ed9-f2de826ae239,1,,2026-03-26 09:50:54.995167+00
39,ebb90e0e-0aaf-48da-9277-7ea0665e1c76,d5ac6269-d8cf-4821-ac8b-a6341e68987b,891a6669-3dfa-4c9e-ba81-1289f743c0c6,9f80e197-f739-4e99-b012-a91e29570e1f,1,,2026-03-26 09:50:54.995167+00
40,d8eb3e37-c6bf-49cf-8f3b-95205bd45829,d5ac6269-d8cf-4821-ac8b-a6341e68987b,891a6669-3dfa-4c9e-ba81-1289f743c0c6,25f6add7-0d95-4fb3-ac40-51ede1d6b7f3,1,,2026-03-26 09:50:54.995167+00
41,9957b690-a2de-4d20-bebf-16c4ed5e3996,d5ac6269-d8cf-4821-ac8b-a6341e68987b,891a6669-3dfa-4c9e-ba81-1289f743c0c6,bc5867eb-e9ea-4789-964c-45440db28d82,1,,2026-03-26 09:50:54.995167+00
42,4ba089d3-0128-4a6b-b73c-37a3052a8c06,d5ac6269-d8cf-4821-ac8b-a6341e68987b,891a6669-3dfa-4c9e-ba81-1289f743c0c6,53eaf3f6-dbe5-49c8-acef-853d28daa387,1,,2026-03-26 09:50:54.995167+00
43,17722e13-9461-4af7-adc9-9501cf981228,d5ac6269-d8cf-4821-ac8b-a6341e68987b,891a6669-3dfa-4c9e-ba81-1289f743c0c6,a9bfaf27-e2e3-423f-9ead-8837a1e522dd,1,,2026-03-26 09:50:54.995167+00
44,70a520f6-da6f-4f71-821e-e6779e605a2a,d5ac6269-d8cf-4821-ac8b-a6341e68987b,891a6669-3dfa-4c9e-ba81-1289f743c0c6,665ee677-0401-4268-b6b9-c7ad4e4ffe2d,1,,2026-03-26 09:50:54.995167+00
45,f40d94ab-b9c9-471e-b01d-91347fdbb831,d5ac6269-d8cf-4821-ac8b-a6341e68987b,fd0691d7-13b0-4ff5-bad0-7097567fe1d4,7a9d47bf-ad62-4385-873e-8a54fa24afbe,1,,2026-03-26 09:50:54.995167+00
46,89409546-3688-4ff7-a83a-5d7c637f08d4,d5ac6269-d8cf-4821-ac8b-a6341e68987b,fd0691d7-13b0-4ff5-bad0-7097567fe1d4,a30d0d65-88e7-4c74-92df-d8bfdfc773f9,1,,2026-03-26 09:50:54.995167+00
47,5cc4c020-906f-4c73-b638-4fbb6b6aad60,d5ac6269-d8cf-4821-ac8b-a6341e68987b,fd0691d7-13b0-4ff5-bad0-7097567fe1d4,cc30e935-ca2d-4807-8134-1b73881dc0b4,1,,2026-03-26 09:50:54.995167+00
48,2915fb8c-3d78-467d-a8f2-68af325cfd5c,d5ac6269-d8cf-4821-ac8b-a6341e68987b,fd0691d7-13b0-4ff5-bad0-7097567fe1d4,260d5c56-a7a0-4fb1-9200-89d97246e6fe,1,,2026-03-26 09:50:54.995167+00
49,4c8c747f-84e8-4809-bab4-8db0e7f4edf2,d5ac6269-d8cf-4821-ac8b-a6341e68987b,fd0691d7-13b0-4ff5-bad0-7097567fe1d4,3329aa35-3c35-4289-8893-ffc820ac5c04,1,,2026-03-26 09:50:54.995167+00
50,45ece210-6c7e-490a-a41a-18b4400bd653,d5ac6269-d8cf-4821-ac8b-a6341e68987b,fd0691d7-13b0-4ff5-bad0-7097567fe1d4,6ba76070-2c6b-47b4-8609-06a887e86572,1,,2026-03-26 09:50:54.995167+00
51,18d94289-fce6-47b9-ab4f-7a87bb97e9d9,d5ac6269-d8cf-4821-ac8b-a6341e68987b,fd0691d7-13b0-4ff5-bad0-7097567fe1d4,b73168b2-9da1-4c9e-9a96-fa5fe01893f0,1,,2026-03-26 09:50:54.995167+00
52,ba5247b4-fb3e-4245-9471-a6c9addc77c6,d5ac6269-d8cf-4821-ac8b-a6341e68987b,fd0691d7-13b0-4ff5-bad0-7097567fe1d4,0ad7b7b3-9985-4677-b80a-0472968af9fe,1,,2026-03-26 09:50:54.995167+00
53,119b3cf7-a76c-467c-ab26-2111f227f603,d5ac6269-d8cf-4821-ac8b-a6341e68987b,fd0691d7-13b0-4ff5-bad0-7097567fe1d4,37284b42-f0e0-4ee7-af71-a0b362f30450,1,,2026-03-26 09:50:54.995167+00
54,932f84a9-2e20-40ca-9a7b-5d28119470fc,d5ac6269-d8cf-4821-ac8b-a6341e68987b,fd0691d7-13b0-4ff5-bad0-7097567fe1d4,520f368e-9ce4-4467-95ea-639ff6a603e4,1,,2026-03-26 09:50:54.995167+00
55,025722c2-7e65-403b-85e8-6d0ec9bd1079,d5ac6269-d8cf-4821-ac8b-a6341e68987b,fd0691d7-13b0-4ff5-bad0-7097567fe1d4,98cdc054-2651-4023-8713-f4574ecfa2c7,1,,2026-03-26 09:50:54.995167+00
56,39905bd2-f8c6-469d-9cc1-3a27bb1a4e25,d5ac6269-d8cf-4821-ac8b-a6341e68987b,fd0691d7-13b0-4ff5-bad0-7097567fe1d4,4eca9ee9-6771-49ab-a3a3-00fd73a58985,1,,2026-03-26 09:50:54.995167+00
57,0228ff8e-76d5-4596-826b-c087beb001b1,d5ac6269-d8cf-4821-ac8b-a6341e68987b,fd0691d7-13b0-4ff5-bad0-7097567fe1d4,9b01fcf0-bee6-4b4a-a603-516fd3311ae3,1,,2026-03-26 09:50:54.995167+00
58,cef51c24-463a-432d-90a5-3d74d1a752ae,d5ac6269-d8cf-4821-ac8b-a6341e68987b,fd0691d7-13b0-4ff5-bad0-7097567fe1d4,b447b9f2-df3d-4e68-ae12-109357551034,1,,2026-03-26 09:50:54.995167+00
59,0d90fae1-83da-44a6-b2d7-537f99656290,d5ac6269-d8cf-4821-ac8b-a6341e68987b,a35a0c86-6dba-4efb-83ba-51a84b832473,941394a1-da58-4669-99da-d5317fbb3309,1,,2026-03-26 09:50:54.995167+00
60,5b5b8fb1-c608-4821-888b-8c4a51363553,d5ac6269-d8cf-4821-ac8b-a6341e68987b,a35a0c86-6dba-4efb-83ba-51a84b832473,e6b49d35-9dd6-44c3-95a1-5b1db0441f5b,1,,2026-03-26 09:50:54.995167+00
61,f36df7e4-33d5-4d25-9b62-e92786f8252c,d5ac6269-d8cf-4821-ac8b-a6341e68987b,a35a0c86-6dba-4efb-83ba-51a84b832473,4c74d8b3-5a6e-4fd6-bda8-f09c93640ff4,1,,2026-03-26 09:50:54.995167+00
62,778d41b5-bbe7-428e-84ef-2d0fe9b11303,d5ac6269-d8cf-4821-ac8b-a6341e68987b,a35a0c86-6dba-4efb-83ba-51a84b832473,7e445c4d-98a9-47e4-99f5-a8c66dc4721c,1,,2026-03-26 09:50:54.995167+00
63,3a7a3da4-d33b-499c-ae92-1fc9adca77cd,d5ac6269-d8cf-4821-ac8b-a6341e68987b,7f63b849-ab75-422b-9e63-2f10e62de120,da964cee-3eb3-4ed2-9a19-d98015113da6,1,,2026-03-26 09:50:54.995167+00
64,e965ff4a-79f2-4997-a28b-713b3ffd40e1,d5ac6269-d8cf-4821-ac8b-a6341e68987b,7f63b849-ab75-422b-9e63-2f10e62de120,478d6e4a-3ff8-4e3f-91b7-299c3e4734a6,1,,2026-03-26 09:50:54.995167+00
65,677c6f93-204a-4169-8bd7-282126593d7a,d5ac6269-d8cf-4821-ac8b-a6341e68987b,7f63b849-ab75-422b-9e63-2f10e62de120,fb83578f-5036-4240-9290-c4973bac0a3b,1,,2026-03-26 09:50:54.995167+00
66,6caedbb0-eddd-4387-b719-e395c3bbe2af,d5ac6269-d8cf-4821-ac8b-a6341e68987b,7f63b849-ab75-422b-9e63-2f10e62de120,a67a42e2-fe54-43db-bc77-57884f5df607,1,,2026-03-26 09:50:54.995167+00
67,7440798c-1d86-4bc4-92a1-e29dc79d01d6,d5ac6269-d8cf-4821-ac8b-a6341e68987b,7f63b849-ab75-422b-9e63-2f10e62de120,38d7f984-7c88-422f-a714-e950b01b19a2,1,,2026-03-26 09:50:54.995167+00
68,e53dd1dc-5a3a-4251-98b1-3642940f516c,d5ac6269-d8cf-4821-ac8b-a6341e68987b,abb42ebb-31d2-4b60-8241-33026dcb9b26,fdca58b2-49f4-4973-b18c-16082eeaab38,1,,2026-03-26 09:50:54.995167+00
69,14f6ff68-8700-4853-8ea1-87504f965381,d5ac6269-d8cf-4821-ac8b-a6341e68987b,abb42ebb-31d2-4b60-8241-33026dcb9b26,6d5ada25-f86a-4af6-a0aa-9b0b1bdcedf3,1,,2026-03-26 09:50:54.995167+00
70,f8eb490f-1f2a-4d82-8e6f-91e6ee26dd84,d5ac6269-d8cf-4821-ac8b-a6341e68987b,abb42ebb-31d2-4b60-8241-33026dcb9b26,78b4f683-c55c-4863-a45e-35e61e2d6691,1,,2026-03-26 09:50:54.995167+00
71,8cbfdd99-a46f-414e-b0dc-90cb01041d18,d5ac6269-d8cf-4821-ac8b-a6341e68987b,abb42ebb-31d2-4b60-8241-33026dcb9b26,9d93fbaa-d1df-4f03-8c5b-2d6dff26c410,1,,2026-03-26 09:50:54.995167+00
72,31bbd61b-2427-4d6a-a706-5915d609d5da,d5ac6269-d8cf-4821-ac8b-a6341e68987b,abb42ebb-31d2-4b60-8241-33026dcb9b26,1c9d0d2d-bb63-457b-be7d-dcbe0612a864,1,,2026-03-26 09:50:54.995167+00
73,460266c2-b255-46cf-87f8-834394e4b591,d5ac6269-d8cf-4821-ac8b-a6341e68987b,abb42ebb-31d2-4b60-8241-33026dcb9b26,c1b26b1b-8e25-46cd-9256-c5c31bf8fe6d,1,,2026-03-26 09:50:54.995167+00
74,77014d44-7d78-4b50-8b3b-54dcf4550493,d5ac6269-d8cf-4821-ac8b-a6341e68987b,0db20c7e-a107-4110-970f-4842c06517eb,ac32caa9-ac69-40ff-83d6-23b1e37b4dff,1,,2026-03-26 09:50:54.995167+00
75,c8e30279-8f9f-48d5-8815-cb8b7ea38ec9,d5ac6269-d8cf-4821-ac8b-a6341e68987b,0db20c7e-a107-4110-970f-4842c06517eb,1951a495-a9e7-4341-8d5a-5e9319bd7426,1,,2026-03-26 09:50:54.995167+00
76,d5ef0636-4731-480f-bfb4-c6d845e87a40,d5ac6269-d8cf-4821-ac8b-a6341e68987b,6e1a19be-b70c-4e74-9d62-06c5825fd7a1,0c5f5262-0ec5-45e9-9e95-eadf304c795a,1,,2026-03-26 09:50:54.995167+00
77,a5b152ff-6302-4bf5-939f-1d9f2141ac9a,d5ac6269-d8cf-4821-ac8b-a6341e68987b,6e1a19be-b70c-4e74-9d62-06c5825fd7a1,5274f8ef-8c10-4874-8521-d9630a8a6354,1,,2026-03-26 09:50:54.995167+00
78,051aa2cc-7574-4c16-8fe1-6e0efb9372bb,d5ac6269-d8cf-4821-ac8b-a6341e68987b,6e1a19be-b70c-4e74-9d62-06c5825fd7a1,0a6f5cf3-c229-4a2c-9387-b0eed6d93a67,1,,2026-03-26 09:50:54.995167+00
79,567cb08b-92e9-465b-9a8e-473d0174b430,d5ac6269-d8cf-4821-ac8b-a6341e68987b,b0894302-b2e4-4fa0-ba1f-8ec19740cd38,858e2f96-5ed6-4eea-b56b-cee33346068c,1,,2026-03-26 09:50:54.995167+00
80,6156cf55-d7dd-479b-9d6e-c1ff7f354156,d5ac6269-d8cf-4821-ac8b-a6341e68987b,b0894302-b2e4-4fa0-ba1f-8ec19740cd38,526ca797-60c0-4c36-ad1a-5b7f9fbeef13,1,,2026-03-26 09:50:54.995167+00
81,a71e1ea4-000e-401e-a145-79d12096e40e,d5ac6269-d8cf-4821-ac8b-a6341e68987b,b0894302-b2e4-4fa0-ba1f-8ec19740cd38,2be1ddf0-51da-4dab-aa92-a4469eb6f415,1,,2026-03-26 09:50:54.995167+00
82,ef39141e-9283-4b03-86e2-ccc4f460bbe3,d5ac6269-d8cf-4821-ac8b-a6341e68987b,4ca97a31-2f17-49b3-907f-4d57111e21ea,6bedc72d-71f9-432e-9cf1-bc0b25514a9f,1,,2026-03-26 09:50:54.995167+00
83,06e822bd-f6be-4878-98cf-fbd1a0a63081,d5ac6269-d8cf-4821-ac8b-a6341e68987b,4ca97a31-2f17-49b3-907f-4d57111e21ea,6eeb187d-3aba-42d8-a5eb-793ebdd8ceba,1,,2026-03-26 09:50:54.995167+00
84,107a26d8-5742-4993-8d79-2aca0c38eee7,d5ac6269-d8cf-4821-ac8b-a6341e68987b,228a208b-b2d4-49cd-a10e-6fda571b2e03,43890405-0aea-4dc0-8671-11eced3e0863,1,,2026-03-26 09:50:54.995167+00
85,0c48c517-bfbe-49d1-9d43-e2a17530aac8,d5ac6269-d8cf-4821-ac8b-a6341e68987b,228a208b-b2d4-49cd-a10e-6fda571b2e03,1a08a77f-957b-470f-8131-eb86dd095267,1,,2026-03-26 09:50:54.995167+00
86,7d978d30-3caf-4fc3-97ab-c0c3fabb3651,d5ac6269-d8cf-4821-ac8b-a6341e68987b,228a208b-b2d4-49cd-a10e-6fda571b2e03,e38db713-7a85-4269-b211-1851e938d08c,1,,2026-03-26 09:50:54.995167+00
87,8afdf0be-e200-47d6-95ee-d06ddc7a1503,d5ac6269-d8cf-4821-ac8b-a6341e68987b,228a208b-b2d4-49cd-a10e-6fda571b2e03,023692b2-f828-42f0-b387-db3c84e6fb90,1,,2026-03-26 09:50:54.995167+00
88,a335a03e-50e4-40b2-9c73-6304ff2a08bb,d5ac6269-d8cf-4821-ac8b-a6341e68987b,ccc3540b-d5a9-4209-abc9-49f48b0db8d1,f758a0dc-1adc-4f6f-9f3c-a30a734e9ac4,1,,2026-03-26 09:50:54.995167+00
89,7332acbd-1095-4955-8a56-4fff6c8d0148,d5ac6269-d8cf-4821-ac8b-a6341e68987b,ccc3540b-d5a9-4209-abc9-49f48b0db8d1,dec124ea-0361-436d-bca8-04240e964b31,1,,2026-03-26 09:50:54.995167+00
90,5918259a-f0a3-4c29-9028-dad35b008f97,d5ac6269-d8cf-4821-ac8b-a6341e68987b,56c4375c-844a-4319-b4e1-112d8bea522e,f0e8dbb1-c16a-4787-9832-737d23559cdd,1,,2026-03-26 09:50:54.995167+00
91,d6790d37-c884-4986-8a40-e2f68ae882d8,d5ac6269-d8cf-4821-ac8b-a6341e68987b,56c4375c-844a-4319-b4e1-112d8bea522e,122f9707-c7fc-4aa2-85fd-b4a83d73cdcb,1,,2026-03-26 09:50:54.995167+00
92,aae4fefc-1f61-4a07-b22e-75adb55bfb32,d5ac6269-d8cf-4821-ac8b-a6341e68987b,56c4375c-844a-4319-b4e1-112d8bea522e,d564dbba-49eb-42d1-8068-4ecdaa3d1c5a,1,,2026-03-26 09:50:54.995167+00
93,129b5d24-ff79-4978-8634-aeaec8c2632b,d5ac6269-d8cf-4821-ac8b-a6341e68987b,56c4375c-844a-4319-b4e1-112d8bea522e,4752e7fa-5943-4e07-beaa-21f1becf5aea,1,,2026-03-26 09:50:54.995167+00
94,7f41795c-03c7-4d43-b90a-3b6a227946ba,d5ac6269-d8cf-4821-ac8b-a6341e68987b,44684656-5455-437f-9c64-3f48b7ad689b,a37ea8f8-8474-45f5-a102-2abcdf5ab54e,1,,2026-03-26 09:50:54.995167+00
95,90e64b0e-5e67-4ccc-ba38-c2785de53d12,d5ac6269-d8cf-4821-ac8b-a6341e68987b,44684656-5455-437f-9c64-3f48b7ad689b,c3d60a62-a8b4-406d-9919-33362af5b54f,1,,2026-03-26 09:50:54.995167+00
96,dbe9668a-4988-41de-a325-6a97a8212d71,d5ac6269-d8cf-4821-ac8b-a6341e68987b,010f334a-2d3b-40a8-8dee-63d2cdf3211e,c7851582-f458-4fe7-9364-03f27fa13608,1,,2026-03-26 09:50:54.995167+00
97,f79e838e-dc95-4f45-bc85-3f10753e897d,d5ac6269-d8cf-4821-ac8b-a6341e68987b,010f334a-2d3b-40a8-8dee-63d2cdf3211e,a95e6985-f921-48ae-82ac-57287438cc1a,1,,2026-03-26 09:50:54.995167+00
98,e6133ee9-84bd-4947-97eb-6911592389b3,d5ac6269-d8cf-4821-ac8b-a6341e68987b,16dab482-4cd8-4ee8-ae85-64b2a907ab4f,a585e489-a9af-400d-a16b-1b53df5e8076,1,,2026-03-26 09:50:54.995167+00
99,5062a45b-1cbd-45c9-bcb9-408c837142d5,d5ac6269-d8cf-4821-ac8b-a6341e68987b,16dab482-4cd8-4ee8-ae85-64b2a907ab4f,72c61e37-18eb-4a69-80e0-99b197737345,1,,2026-03-26 09:50:54.995167+00
100,6ef4d7d6-4caf-4768-b8d1-95d99b540fde,d5ac6269-d8cf-4821-ac8b-a6341e68987b,16dab482-4cd8-4ee8-ae85-64b2a907ab4f,c7d9f64a-d910-47b9-9949-0f90cda4321d,1,,2026-03-26 09:50:54.995167+00
101,90665451-0a95-4bf3-8ad6-ddbb5003eaad,d5ac6269-d8cf-4821-ac8b-a6341e68987b,16dab482-4cd8-4ee8-ae85-64b2a907ab4f,6e935e00-e647-48f9-a107-f7141cb07ee1,1,,2026-03-26 09:50:54.995167+00
102,5359a7c1-d6fc-4d4b-9cdc-4e94f74f6cd1,d5ac6269-d8cf-4821-ac8b-a6341e68987b,a5cc6d66-851a-4581-a1e4-9e7fdaca9d24,0b8e4cbc-3a2a-4c75-b179-9f1370b44f8b,1,,2026-03-26 09:50:54.995167+00
103,32ec7dbc-a563-4b98-bcba-7a680a423783,d5ac6269-d8cf-4821-ac8b-a6341e68987b,a5cc6d66-851a-4581-a1e4-9e7fdaca9d24,f54c8d3a-7ed1-48ab-ab35-91381b410aff,1,,2026-03-26 09:50:54.995167+00
104,358a5a4f-f405-41bb-9598-cc9e3c2eb36a,d5ac6269-d8cf-4821-ac8b-a6341e68987b,a5cc6d66-851a-4581-a1e4-9e7fdaca9d24,5d06a431-0041-479c-b929-75abb2bc84ae,1,,2026-03-26 09:50:54.995167+00
105,ec102da4-bc08-4be1-bace-c5901061b4cf,d5ac6269-d8cf-4821-ac8b-a6341e68987b,a5cc6d66-851a-4581-a1e4-9e7fdaca9d24,0959590f-024d-4c7f-9226-b0b3cf47821c,1,,2026-03-26 09:50:54.995167+00
106,bf56fed4-3198-4f9c-bef3-78238f2bb1f2,d5ac6269-d8cf-4821-ac8b-a6341e68987b,a5cc6d66-851a-4581-a1e4-9e7fdaca9d24,551c2dfc-07ae-4495-8987-5bb6b06adfbe,1,,2026-03-26 09:50:54.995167+00
107,d66e7765-d862-47bb-8ca4-99af8b5626ad,d5ac6269-d8cf-4821-ac8b-a6341e68987b,a5cc6d66-851a-4581-a1e4-9e7fdaca9d24,eb7cb431-e3e5-4a4d-9c70-b0cc82db6567,1,,2026-03-26 09:50:54.995167+00
108,20ae839d-a4ac-41a7-9824-411f07958d5c,d5ac6269-d8cf-4821-ac8b-a6341e68987b,a5cc6d66-851a-4581-a1e4-9e7fdaca9d24,489bfda6-18c3-4ea8-bb55-2a5e2c33f6e0,1,,2026-03-26 09:50:54.995167+00
109,219b114b-6dd1-41b9-9a74-298513707caa,d5ac6269-d8cf-4821-ac8b-a6341e68987b,a5cc6d66-851a-4581-a1e4-9e7fdaca9d24,f35af464-dc5e-4415-af77-3ddd658e79d8,1,,2026-03-26 09:50:54.995167+00
110,f460fad1-743d-455d-8c29-78149e3e5801,d5ac6269-d8cf-4821-ac8b-a6341e68987b,02d8d298-7448-40c2-a2e4-2f3f4c0e4452,6b8f75c7-954c-47e3-96a2-45eb493d4716,1,,2026-03-26 09:50:54.995167+00
111,cefdd00c-a346-4694-be8b-04ef579db0d2,d5ac6269-d8cf-4821-ac8b-a6341e68987b,02d8d298-7448-40c2-a2e4-2f3f4c0e4452,0e1dfd48-26ad-4aeb-8bb5-fab5086be4ef,1,,2026-03-26 09:50:54.995167+00
112,d61b6b23-93e6-4b17-9f9f-adbec9911a54,d5ac6269-d8cf-4821-ac8b-a6341e68987b,02d8d298-7448-40c2-a2e4-2f3f4c0e4452,fe576a0a-a91d-4c67-9e93-975d294cf852,1,,2026-03-26 09:50:54.995167+00
113,99496aa1-ab56-4ed5-87bf-e5ce02c4976a,d5ac6269-d8cf-4821-ac8b-a6341e68987b,02d8d298-7448-40c2-a2e4-2f3f4c0e4452,83e93cbb-229d-4fcf-91a2-058bcc36cdfa,1,,2026-03-26 09:50:54.995167+00
114,6257b6f0-b211-48b1-9de7-47c39060453f,d5ac6269-d8cf-4821-ac8b-a6341e68987b,02d8d298-7448-40c2-a2e4-2f3f4c0e4452,41d9e8a0-3975-4c2c-8898-835c6e2ab2ee,1,,2026-03-26 09:50:54.995167+00
115,ac769c5d-55df-4a19-995f-5a1175b0ce4f,d5ac6269-d8cf-4821-ac8b-a6341e68987b,02d8d298-7448-40c2-a2e4-2f3f4c0e4452,273fedc0-68e1-4124-9945-f9f0689fca2c,1,,2026-03-26 09:50:54.995167+00
116,c253b95b-9367-4e3a-a8c2-8cfdf1a8102b,d5ac6269-d8cf-4821-ac8b-a6341e68987b,02d8d298-7448-40c2-a2e4-2f3f4c0e4452,b4452247-5981-4554-b67a-06881cc6d81c,1,,2026-03-26 09:50:54.995167+00
117,d5d955ba-d92d-4a1d-8453-4ef0ea7642f5,d5ac6269-d8cf-4821-ac8b-a6341e68987b,02d8d298-7448-40c2-a2e4-2f3f4c0e4452,ecd29696-516a-436d-bed5-45c3e1b0bf7a,1,,2026-03-26 09:50:54.995167+00
118,c988b80a-e25a-48ef-8f4c-cbc7ece486d1,d5ac6269-d8cf-4821-ac8b-a6341e68987b,8238c30e-ed8b-4663-a110-18f830574963,89af7bcd-3a9e-4e81-a7d5-b944888b95cb,1,,2026-03-26 09:50:54.995167+00
119,eb9a5b52-a354-42ab-856d-6160aff578b9,d5ac6269-d8cf-4821-ac8b-a6341e68987b,8238c30e-ed8b-4663-a110-18f830574963,562b0a59-125e-4510-8843-3cd14342982d,1,,2026-03-26 09:50:54.995167+00
120,4864c523-5a95-48f0-aed7-8217b4304bc6,d5ac6269-d8cf-4821-ac8b-a6341e68987b,8238c30e-ed8b-4663-a110-18f830574963,653e0093-49b8-4ce4-b4c7-477b37d34508,1,,2026-03-26 09:50:54.995167+00
121,b921f360-9209-493b-9204-376f4a9555a9,d5ac6269-d8cf-4821-ac8b-a6341e68987b,f3e48b25-03ed-4e22-923c-ec7c8eb13d4c,6e072300-e9eb-42eb-9c73-a790f3ac9a2a,1,,2026-03-26 09:50:54.995167+00
122,819b7d78-2d59-401d-8721-9227327008af,d5ac6269-d8cf-4821-ac8b-a6341e68987b,f3e48b25-03ed-4e22-923c-ec7c8eb13d4c,14feb9ed-3403-433d-9419-c95ab0b9bdd3,1,,2026-03-26 09:50:54.995167+00
123,baea7e9c-af38-4f45-a2c5-e22bc4866cf6,d5ac6269-d8cf-4821-ac8b-a6341e68987b,6be10a42-d0b7-4d89-b592-340c614ac8e7,cc0de87b-4624-4f68-b9ba-1bac6649d799,1,,2026-03-26 09:50:54.995167+00
124,a7edce0d-ec83-49cf-b767-369d5e1faf5d,d5ac6269-d8cf-4821-ac8b-a6341e68987b,6be10a42-d0b7-4d89-b592-340c614ac8e7,50be5397-605c-4d59-8d34-b2702f52c041,1,,2026-03-26 09:50:54.995167+00
125,258a1303-912c-4b7f-be4e-28f3010b7f37,d5ac6269-d8cf-4821-ac8b-a6341e68987b,6be10a42-d0b7-4d89-b592-340c614ac8e7,c6859705-6d50-4ab7-a6be-66008ee6ef5e,1,,2026-03-26 09:50:54.995167+00
126,15d06e9f-d93a-4537-9fc4-bfba24a69ae2,d5ac6269-d8cf-4821-ac8b-a6341e68987b,6be10a42-d0b7-4d89-b592-340c614ac8e7,81c60393-c3c9-44fe-91d8-b1a5972f5444,1,,2026-03-26 09:50:54.995167+00
127,31a29cc8-300b-4c83-b59f-0ab2b29dfc27,d5ac6269-d8cf-4821-ac8b-a6341e68987b,6be10a42-d0b7-4d89-b592-340c614ac8e7,68c2c441-82e7-42d8-a10b-612cd0fd418e,1,,2026-03-26 09:50:54.995167+00
128,8280eee2-3f2c-4e9d-a156-9989da7403e7,d5ac6269-d8cf-4821-ac8b-a6341e68987b,6be10a42-d0b7-4d89-b592-340c614ac8e7,09a8d8f5-6803-44e8-802c-116c604de36b,1,,2026-03-26 09:50:54.995167+00
129,acf9d5cb-79f4-4475-8268-ac32123bd85c,d5ac6269-d8cf-4821-ac8b-a6341e68987b,6be10a42-d0b7-4d89-b592-340c614ac8e7,20a30bd7-1668-45bb-b856-566e182c02cf,1,,2026-03-26 09:50:54.995167+00
130,8b38409c-6594-4380-ac7d-3f77a07e0c62,d5ac6269-d8cf-4821-ac8b-a6341e68987b,6be10a42-d0b7-4d89-b592-340c614ac8e7,a225fd99-2b18-4779-824f-473d58529534,1,,2026-03-26 09:50:54.995167+00
131,9d93ebfb-c251-4560-a10f-b3dc883cef94,d5ac6269-d8cf-4821-ac8b-a6341e68987b,6be10a42-d0b7-4d89-b592-340c614ac8e7,bb7fc43f-8a54-4cfa-b69f-acd5afce965d,1,,2026-03-26 09:50:54.995167+00
132,617ec06c-dce5-4eba-bc3d-11e85b943e00,d5ac6269-d8cf-4821-ac8b-a6341e68987b,6be10a42-d0b7-4d89-b592-340c614ac8e7,a9556d98-d175-46de-be02-8d4e4a6ded32,1,,2026-03-26 09:50:54.995167+00
133,f7ae7744-40db-4349-a96e-78723b159891,d5ac6269-d8cf-4821-ac8b-a6341e68987b,6be10a42-d0b7-4d89-b592-340c614ac8e7,062f2839-f217-4cef-87ea-256d27864890,1,,2026-03-26 09:50:54.995167+00
134,2174b935-abeb-4bd2-baea-1b6afa759261,d5ac6269-d8cf-4821-ac8b-a6341e68987b,6be10a42-d0b7-4d89-b592-340c614ac8e7,fec27eae-2f7f-4654-9e2b-102e4d83061d,1,,2026-03-26 09:50:54.995167+00
135,3c835ec2-8f2b-4591-a750-30ed19f08c2f,d5ac6269-d8cf-4821-ac8b-a6341e68987b,6be10a42-d0b7-4d89-b592-340c614ac8e7,77d51a77-3b4c-4817-b9b9-10f1b8e6311a,1,,2026-03-26 09:50:54.995167+00
136,6324df5f-8ccc-40f1-a045-d3149707e490,d5ac6269-d8cf-4821-ac8b-a6341e68987b,6be10a42-d0b7-4d89-b592-340c614ac8e7,51e996a0-cc5f-4a0a-80cf-5b9af1034ae6,1,,2026-03-26 09:50:54.995167+00
137,5cc2f6cf-46e8-44c3-a6de-245b0e6aa36f,d5ac6269-d8cf-4821-ac8b-a6341e68987b,6be10a42-d0b7-4d89-b592-340c614ac8e7,1a2dc1c9-57a3-4a79-9446-51b8c922f7eb,1,,2026-03-26 09:50:54.995167+00
138,05af8541-1817-4481-8114-2efc750fa12f,d5ac6269-d8cf-4821-ac8b-a6341e68987b,6be10a42-d0b7-4d89-b592-340c614ac8e7,6abf9331-8605-41f5-b0f4-6e08838ce3e8,1,,2026-03-26 09:50:54.995167+00
139,6e1ad93f-dd18-434e-8274-9b9250ac5c1a,d5ac6269-d8cf-4821-ac8b-a6341e68987b,6be10a42-d0b7-4d89-b592-340c614ac8e7,cbc2e81d-b592-409f-bd16-cbae8013c058,1,,2026-03-26 09:50:54.995167+00
140,7fc90ccb-7b0e-4e2a-8097-0fd55b71be79,d5ac6269-d8cf-4821-ac8b-a6341e68987b,6be10a42-d0b7-4d89-b592-340c614ac8e7,08d82f50-8d77-47f6-975b-1ba388938844,1,,2026-03-26 09:50:54.995167+00
141,e0525163-c097-4348-88dd-98530d1562ec,d5ac6269-d8cf-4821-ac8b-a6341e68987b,6be10a42-d0b7-4d89-b592-340c614ac8e7,de773bdd-bfcc-46e5-a2e0-ad8cc28b607e,1,,2026-03-26 09:50:54.995167+00
142,82d6996b-890f-4898-bab1-5580ced1149a,d5ac6269-d8cf-4821-ac8b-a6341e68987b,1cda3320-ee0e-41d2-87b3-6e128eab79ee,bedc475a-5e79-4b22-b795-a6b0b34605a0,1,,2026-03-26 09:50:54.995167+00
143,8e6669e9-18eb-4391-89dc-4f41af1f372c,d5ac6269-d8cf-4821-ac8b-a6341e68987b,1cda3320-ee0e-41d2-87b3-6e128eab79ee,111bf031-2f4c-40cd-b9e3-22539c450475,1,,2026-03-26 09:50:54.995167+00
144,f74afe88-801a-40a7-9570-5e5e60a70e48,d5ac6269-d8cf-4821-ac8b-a6341e68987b,1cda3320-ee0e-41d2-87b3-6e128eab79ee,7ff03939-da5d-4b4e-a0f6-72874ac1068a,1,,2026-03-26 09:50:54.995167+00
145,1f6793fc-0a6c-4627-96b9-915160deb350,d5ac6269-d8cf-4821-ac8b-a6341e68987b,bc553a2b-7525-44e1-ae8c-c9fb082d0e93,533b31d7-0a32-461e-96b5-432560ed13f5,1,,2026-03-26 09:50:54.995167+00
146,720d576c-6cfa-4bc3-88ab-7cb4a8e2c936,d5ac6269-d8cf-4821-ac8b-a6341e68987b,bc553a2b-7525-44e1-ae8c-c9fb082d0e93,5aa763b1-4f59-4491-836c-f32dc90f5ab8,1,,2026-03-26 09:50:54.995167+00
147,56cec7bc-8f5a-40b0-b48e-131fe253f5c4,d5ac6269-d8cf-4821-ac8b-a6341e68987b,bc553a2b-7525-44e1-ae8c-c9fb082d0e93,5e44ab26-e8ff-4f0f-8cd8-44b9db7b0ed5,1,,2026-03-26 09:50:54.995167+00
148,d4ea531f-5095-4f30-95d2-60c30be9e552,d5ac6269-d8cf-4821-ac8b-a6341e68987b,bc553a2b-7525-44e1-ae8c-c9fb082d0e93,bd80d337-f894-4f71-bd55-dfa3704bf52d,1,,2026-03-26 09:50:54.995167+00
149,cc2050dd-83fc-4db6-af3c-1bbe694ff5eb,d5ac6269-d8cf-4821-ac8b-a6341e68987b,bc553a2b-7525-44e1-ae8c-c9fb082d0e93,667f09ee-5960-413c-b3b6-0e546ddab61a,1,,2026-03-26 09:50:54.995167+00
150,587bbc07-71cd-4cb2-9adf-b8a53268f503,d5ac6269-d8cf-4821-ac8b-a6341e68987b,db17bbc8-bb79-44ff-b934-ed42660d0141,900d9804-c04a-4468-8abe-ef6d6ebc3c2f,1,,2026-03-26 09:50:54.995167+00
151,bb2d2589-6d4e-4bd4-8601-5859decccb39,d5ac6269-d8cf-4821-ac8b-a6341e68987b,db17bbc8-bb79-44ff-b934-ed42660d0141,09b55322-28bd-46fe-8d35-266e5e8f14b3,1,,2026-03-26 09:50:54.995167+00
152,675b7de4-c51e-4dca-abec-623ec6362ad2,d5ac6269-d8cf-4821-ac8b-a6341e68987b,db17bbc8-bb79-44ff-b934-ed42660d0141,25a881bc-84a2-456a-96b2-4f9b6247961a,1,,2026-03-26 09:50:54.995167+00
153,a357d67e-200f-4a35-91e1-8676d6b759b8,d5ac6269-d8cf-4821-ac8b-a6341e68987b,db17bbc8-bb79-44ff-b934-ed42660d0141,d7bbe53e-cc7f-42df-8aa5-d52d3e1a8a3f,1,,2026-03-26 09:50:54.995167+00
154,0386af75-a97e-4fa4-b628-4b272bd6f34e,d5ac6269-d8cf-4821-ac8b-a6341e68987b,1101e4ee-1edd-48dd-9e60-cca43960118f,33fbb08a-76eb-42f3-b9dd-5ff7e10dbfe9,1,,2026-03-26 09:50:54.995167+00
155,e2cdd24b-40bb-4590-b041-df9d01b28261,d5ac6269-d8cf-4821-ac8b-a6341e68987b,1101e4ee-1edd-48dd-9e60-cca43960118f,1b0cd122-cd52-4162-acde-5da25d9eb9bb,1,,2026-03-26 09:50:54.995167+00
156,c3a56c79-c257-495c-8395-a187ee005af4,d5ac6269-d8cf-4821-ac8b-a6341e68987b,1101e4ee-1edd-48dd-9e60-cca43960118f,d6abaa6c-951e-45cf-9177-1fa90a0930bb,1,,2026-03-26 09:50:54.995167+00
157,809d3baa-94f0-44d9-837b-e7065d03a053,d5ac6269-d8cf-4821-ac8b-a6341e68987b,b27bb969-fa23-44f9-8f58-b1a659ab1676,29048312-e22f-4e57-a83d-d32f89f83a56,1,,2026-03-26 09:50:54.995167+00
158,5ab543de-9487-4c99-b665-5a059d7bf85f,d5ac6269-d8cf-4821-ac8b-a6341e68987b,b27bb969-fa23-44f9-8f58-b1a659ab1676,a87e52a1-2524-4460-a85b-1718e55c96a1,1,,2026-03-26 09:50:54.995167+00
159,9b78786b-2ed9-4762-a9ff-db8e4f85553a,d5ac6269-d8cf-4821-ac8b-a6341e68987b,b27bb969-fa23-44f9-8f58-b1a659ab1676,a7512de7-281b-41de-b31c-64304cb01c2b,1,,2026-03-26 09:50:54.995167+00
160,ab27a015-51e1-4b45-ad70-a479acdc9906,d5ac6269-d8cf-4821-ac8b-a6341e68987b,d0d01190-8db8-40d5-8a71-01239b294980,1ba0c72e-51f4-4244-b715-933979107fea,1,,2026-03-26 09:50:54.995167+00
161,53526e02-d86f-4cb3-8a21-421c36165855,d5ac6269-d8cf-4821-ac8b-a6341e68987b,d0d01190-8db8-40d5-8a71-01239b294980,164312bf-488e-4c32-9956-4a2c5e2ea3f5,1,,2026-03-26 09:50:54.995167+00
162,bb718fc6-43fa-443a-b603-48279e46b8e7,d5ac6269-d8cf-4821-ac8b-a6341e68987b,e7b83d86-f2e0-4254-8166-e60a4559398f,7fd8dcfa-d376-4037-b8ce-72901bce45cf,1,,2026-03-26 09:50:54.995167+00
163,89ae5fb8-bf99-42b6-b246-93559b59fb64,d5ac6269-d8cf-4821-ac8b-a6341e68987b,d5b5630e-ce3e-4ebc-a6fe-2b123a437fee,9dec2c28-c9b6-4997-8cd7-ace938dc6381,1,,2026-03-26 09:50:54.995167+00
164,885fbcae-eb9b-4e04-bf7d-480b9ff3ab14,d5ac6269-d8cf-4821-ac8b-a6341e68987b,2c0afbf7-f2ae-407e-bf5b-8a7aa1dfb9c8,ec60d069-62ae-4b89-8266-f3190c80c8ff,1,,2026-03-26 09:50:54.995167+00
165,27d10307-77cd-4fda-91c0-edcaaefb6431,d5ac6269-d8cf-4821-ac8b-a6341e68987b,2c0afbf7-f2ae-407e-bf5b-8a7aa1dfb9c8,4a655a0d-95f7-4f9d-91b7-1e0dd8f8b962,1,,2026-03-26 09:50:54.995167+00
166,776c6243-aa0c-4491-b830-678ec6f50572,d5ac6269-d8cf-4821-ac8b-a6341e68987b,2c0afbf7-f2ae-407e-bf5b-8a7aa1dfb9c8,90286ac2-844d-4d54-b260-b3b994e75238,1,,2026-03-26 09:50:54.995167+00
167,3ccfbc50-5693-4231-9fc9-55655bdb984e,d5ac6269-d8cf-4821-ac8b-a6341e68987b,2c0afbf7-f2ae-407e-bf5b-8a7aa1dfb9c8,4e7e1a3f-9190-4d7e-8949-3305585bcc49,1,,2026-03-26 09:50:54.995167+00
168,dec6b3dc-22bb-48cf-97f3-17793b040ac5,d5ac6269-d8cf-4821-ac8b-a6341e68987b,5cdf87d8-814e-4aa8-aa81-08e9dd5a3a6b,e6a24eed-46ea-4cf2-9020-68dedc7e1559,1,,2026-03-26 09:50:54.995167+00
169,2b4deefd-01dd-4886-80f9-ad1249497596,d5ac6269-d8cf-4821-ac8b-a6341e68987b,5cdf87d8-814e-4aa8-aa81-08e9dd5a3a6b,dd806831-c31d-4cb2-84d2-f48f2fd0f6a9,1,,2026-03-26 09:50:54.995167+00
170,a27b2740-32c3-4708-a02c-9eaaee29478e,d5ac6269-d8cf-4821-ac8b-a6341e68987b,5cdf87d8-814e-4aa8-aa81-08e9dd5a3a6b,9bb3da3a-187f-4c48-87ab-27a48056c011,1,,2026-03-26 09:50:54.995167+00
171,fc1c4029-7210-43c1-bb90-175c909e1d06,d5ac6269-d8cf-4821-ac8b-a6341e68987b,b41b0ee4-304a-48fa-bb5b-3ecd4e98f508,c41aeff8-fe91-4627-9be7-b6eaceae2a32,1,,2026-03-26 09:50:54.995167+00
172,73b441b9-93f1-4b49-9aac-b7aae7f68667,d5ac6269-d8cf-4821-ac8b-a6341e68987b,b41b0ee4-304a-48fa-bb5b-3ecd4e98f508,ff8d8904-25c7-4551-8b2d-5800529b8e6c,1,,2026-03-26 09:50:54.995167+00
173,0fec2933-0439-412a-8794-89d7e91a7f97,d5ac6269-d8cf-4821-ac8b-a6341e68987b,b41b0ee4-304a-48fa-bb5b-3ecd4e98f508,ab37cdb4-31a0-46b7-8f51-884addb57b59,1,,2026-03-26 09:50:54.995167+00
174,fd8d70a8-392d-4ecf-8bbb-947cad2d44a4,d5ac6269-d8cf-4821-ac8b-a6341e68987b,b41b0ee4-304a-48fa-bb5b-3ecd4e98f508,43bb9882-1f86-4935-8d1a-315e56c01ea3,1,,2026-03-26 09:50:54.995167+00
175,fbafbc50-6303-4fee-bf03-a1356e911fb5,d5ac6269-d8cf-4821-ac8b-a6341e68987b,b41b0ee4-304a-48fa-bb5b-3ecd4e98f508,78eeed2c-e941-4368-a4cc-198ee9a7e862,1,,2026-03-26 09:50:54.995167+00
176,4d6cb69f-ffe0-494e-a14b-3ea110fa7738,d5ac6269-d8cf-4821-ac8b-a6341e68987b,b41b0ee4-304a-48fa-bb5b-3ecd4e98f508,13eafde4-ffa7-43be-8255-ca0d4234b472,1,,2026-03-26 09:50:54.995167+00
177,bac2b3f9-77c2-49fc-9894-cbf0f4f64ef0,d5ac6269-d8cf-4821-ac8b-a6341e68987b,b41b0ee4-304a-48fa-bb5b-3ecd4e98f508,6b83c45b-451c-4a76-8606-f60f93cb7f87,1,,2026-03-26 09:50:54.995167+00
178,5266070b-d5fd-4cb3-910c-48b2d009a602,d5ac6269-d8cf-4821-ac8b-a6341e68987b,b41b0ee4-304a-48fa-bb5b-3ecd4e98f508,917bc2d0-2d51-4019-b32f-0cb9b2249b7d,1,,2026-03-26 09:50:54.995167+00
179,61a7bf41-f056-4d22-9760-41617964b5e1,d5ac6269-d8cf-4821-ac8b-a6341e68987b,b41b0ee4-304a-48fa-bb5b-3ecd4e98f508,9537e16b-2963-4895-ab22-dd8dab545159,1,,2026-03-26 09:50:54.995167+00
180,6d96ef5b-8602-42a2-8d03-5fd0e98eb313,d5ac6269-d8cf-4821-ac8b-a6341e68987b,b41b0ee4-304a-48fa-bb5b-3ecd4e98f508,37f8979e-919e-4720-a646-93d9cc9c7192,1,,2026-03-26 09:50:54.995167+00
181,40afa565-e65a-43ba-b2eb-0740cbbb94f8,d5ac6269-d8cf-4821-ac8b-a6341e68987b,b41b0ee4-304a-48fa-bb5b-3ecd4e98f508,874a03ca-2868-4cef-bc8b-a27261e9fa9b,1,,2026-03-26 09:50:54.995167+00
